10.0005,17
10.0063,14
10.012,13
10.023,11
10.0509,8
10.0618,6
10.0619,1
10.0619,0
10.0675,5
10.0676,0
10.073,13
10.0733,7
10.1119,5
10.1119,0
10.1173,6
10.1174,0
10.1234,10
10.1238,9
10.146,5
10.146,0
10.1515,8
10.1686,0
10.1688,11
10.1744,0
10.1798,10
10.1799,1
10.1801,0
10.1856,12
10.1857,0
10.1859,26
10.208,25
10.2082,24
10.2082,23
10.2197,19
10.2199,13
10.2312,12
10.2421,6
10.2421,2
10.2589,0
10.2591,7
10.2591,4
10.2647,1
10.2703,0
10.2757,11
10.276,9
10.2815,5
10.2815,0
10.2869,2
10.287,0
10.2925,3
10.3146,0
10.3147,8
10.3148,1
10.3263,0
10.3317,2
10.3317,0
10.3372,13
10.3373,0
10.3427,5
10.3428,0
10.3482,10
10.3483,4
10.3486,3
10.3488,0
10.3542,15
10.3543,14
10.3876,12
10.3986,8
10.444,6
10.4552,3
10.4555,2
10.4719,0
10.4773,14
10.4773,12
10.4941,10
10.5051,8
10.5107,0
10.5161,4
10.5162,0
10.5216,14
10.5216,13
10.5271,6
10.5272,0
10.5326,10
10.5327,0
10.5382,13
10.5383,0
10.5437,1
10.5438,0
10.5492,4
10.5493,0
10.5604,4
10.5605,0
10.5659,7
10.566,0
10.5714,15
10.5715,7
10.5789,5
10.5844,0
10.5952,3
10.5953,0
10.6007,8
10.6008,3
10.6063,0
10.6117,5
10.6118,0
10.6172,2
10.6173,0
10.6281,10
10.6282,0
10.6337,10
10.6338,0
10.6392,7
10.6393,0
10.6684,7
10.6685,2
10.674,0
10.6794,2
10.6794,0
10.6848,14
10.6853,2
10.6855,0
10.6909,13
10.691,2
10.7161,0
10.7215,1
10.7216,0
10.727,12
10.727,9
10.7384,3
10.7657,0
10.7711,5
10.7712,0
10.7766,14
10.7767,0
10.7821,8
10.7823,0
10.7877,1
10.788,0
10.7989,2
10.7989,0
10.8043,2
10.8044,0
10.8098,4
10.8099,0
10.8153,9
10.8154,0
10.8208,14
10.821,0
10.8264,15
10.8266,0
10.832,12
10.8321,0
10.8375,8
10.8377,0
10.8431,12
10.8432,0
10.8486,10
10.8488,0
10.8542,4
10.8542,0
10.8596,1
10.8597,0
10.8651,2
10.8652,0
10.8706,5
10.8707,0
10.8761,6
10.8762,0
10.8816,14
10.8817,0
10.8872,14
10.8873,0
10.8927,2
10.8933,0
10.9319,4
10.932,0
10.9374,6
10.9377,2
10.9599,0
10.9653,11
10.9656,7
10.982,6
10.9821,0
10.9875,12
10.9876,0
10.993,10
10.9934,6
10.9936,0
10.999,2
10.9991,0
11.0046,7
11.13,6
11.13,4
11.1704,3
11.1982,0
11.2206,12
11.2264,10
11.2432,5
11.2432,4
11.3494,0
11.3549,8
11.3776,4
11.3886,0
11.3888,11
11.5511,7
11.5621,0
11.5675,7
11.5678,5
11.6181,1
11.6401,0
11.6455,2
11.7094,0
11.7096,31
11.7099,0
11.71,1
11.7101,0
11.7103,11
11.7104,0
11.7106,91
11.7109,59
11.7114,19
11.7116,0
11.7118,135
11.7122,94
11.713,32
11.7133,0
11.7135,438
11.7139,401
11.7148,316
11.7203,307
11.7552,301
11.9835,296
12.0111,290
12.0125,289
12.0183,287
12.0297,264
12.0406,263
12.0461,252
12.0464,241
12.0711,236
12.1214,221
12.122,168
12.1224,151
12.138,147
12.1383,144
12.2354,139
12.2357,138
12.2369,19
12.2371,0
12.2373,10
12.2374,0
12.2375,9
12.2377,0
12.2431,14
12.2442,3
12.265,0
12.2704,14
12.2705,8
12.2709,7
12.2887,4
12.3836,0
12.389,10
12.3891,1
12.4559,0
12.5073,2
12.5079,0
12.5133,2
12.5133,0
12.5188,4
12.5188,0
12.5242,11
12.5244,0
12.5298,6
12.5301,4
12.5303,0
12.5358,8
12.5358,6
12.5413,5
12.5413,1
12.5468,0
12.5522,3
12.5522,0
12.5576,15
12.5577,12
12.5632,5
12.5632,2
12.5687,0
12.5741,8
12.5745,0
12.58,2
12.5854,0
12.5856,2
12.5856,0
12.5911,15
12.5913,9
12.5914,1
12.5971,0
12.5973,4
12.5973,0
12.6027,3
12.6083,0
12.6137,7
12.6138,6
12.6192,5
12.6193,0
12.6247,4
12.6248,0
12.6307,14
12.6307,13
12.6362,12
12.6417,7
12.6526,6
12.6526,1
12.6528,0
12.6582,7
12.6583,2
12.6638,0
12.6693,15
12.6747,12
12.6806,0
12.6807,14
12.6809,0
12.6811,62
12.6817,0
12.6818,90
12.6827,0
12.6829,161
12.6843,0
12.6845,289
12.686,132
12.6914,128
12.6969,123
12.7024,122
12.7079,116
12.7082,115
12.7146,5
12.7147,0
12.7148,800
12.7173,529
12.7191,344
12.7194,339
12.7248,334
12.7418,333
12.7473,328
12.7529,317
12.7918,316
12.7973,311
12.8085,301
12.8961,298
12.9016,294
12.9072,292
12.9134,277
12.9195,275
12.9251,267
12.9529,257
12.9641,245
12.9753,243
12.9808,232
12.9864,229
12.9919,226
12.9973,221
13.0042,217
13.0098,200
13.0153,197
13.0208,192
13.0262,186
13.0318,177
13.0373,169
13.0431,164
13.0434,159
13.0488,158
13.0543,152
13.0693,148
13.0749,138
13.0804,131
13.091,119
13.0966,105
13.1021,102
13.1131,98
13.1186,94
13.1242,81
13.1298,79
13.1353,75
13.1414,63
13.147,55
13.1525,46
13.158,33
13.1583,26
13.1583,25
13.1638,19
13.1692,18
13.1747,16
13.1802,5
13.1803,2
13.1857,0
13.1859,8
13.186,3
13.1917,0
13.1919,3
13.1919,1
13.1974,0
13.2028,9
13.2029,0
13.2083,12
13.2084,8
13.2138,5
13.2139,0
13.2193,8
13.2194,0
13.2249,7
13.2254,0
13.2256,17
13.226,1
13.2262,0
13.2263,47
13.2265,33
13.2268,19
13.227,0
13.2271,110
13.2276,66
13.2279,61
13.2282,51
13.2282,47
13.2284,45
13.2286,42
13.2455,35
13.2509,34
13.2566,25
13.262,24
13.2675,15
13.2731,5
13.2731,1
13.2786,0
13.2787,15
13.2788,13
13.2842,12
13.2952,1
13.2955,0
13.3009,13
13.301,4
13.3012,0
13.3066,10
13.3067,1
13.3177,0
13.3287,2
13.3287,0
13.3452,12
13.3456,4
13.3458,0
13.3512,6
13.3513,0
13.3567,7
13.3568,0
13.3622,8
13.3624,0
13.3678,9
13.3679,0
13.3734,15
13.3735,5
13.3737,0
13.3738,8
13.3739,3
13.3794,0
13.3848,8
13.3849,0
13.3903,10
13.3905,0
13.3959,5
13.3963,4
13.4017,0
13.4072,14
13.4073,5
13.4128,0
13.4182,15
13.4183,0
13.4292,13
13.4294,0
13.4348,6
13.4349,0
13.4403,4
13.4403,0
13.4458,2
13.4458,0
13.4512,1
13.4516,0
13.457,2
13.457,0
13.4679,2
13.4679,0
13.4734,8
13.4735,0
13.4789,12
13.4795,9
13.4855,5
13.4855,0
13.4911,3
13.4912,0
13.4966,8
13.497,7
13.5058,0
13.5112,3
13.5115,0
13.5169,14
13.5221,5
13.5337,0
13.5391,4
13.5392,3
13.5392,2
13.5448,0
13.5502,7
13.5554,4
13.5555,2
13.5665,0
13.5722,15
13.5724,8
13.5724,2
13.5727,0
13.5781,9
13.5782,8
13.5836,7
13.5893,4
13.606,0
13.6114,13
13.6172,11
13.6227,8
13.6232,7
13.629,5
13.6293,0
13.6347,6
13.6401,0
13.6455,7
13.6455,4
13.6679,0
13.6792,6
13.6792,4
13.6797,0
13.6851,5
13.6852,4
13.6854,3
13.6914,2
13.6963,0
13.6964,6
13.7026,0
13.708,15
13.7107,8
13.7109,6
13.7228,5
13.7228,4
13.7559,2
13.769,0
13.7745,11
13.7847,2
13.7855,1
13.7962,0
13.7963,7
13.7964,3
13.819,0
13.8244,7
13.8311,6
13.8369,0
13.8423,3
13.8478,2
13.8854,0
13.8908,9
13.8909,7
13.8965,5
13.9139,4
13.9202,1
13.9257,0
13.9312,12
13.9369,8
13.9424,5
13.9424,4
13.9756,0
13.9814,4
13.9815,0
13.9869,13
13.987,11
14.0096,7
14.0163,0
14.0217,6
14.0218,0
14.0272,3
14.033,0
14.0384,3
14.0385,0
14.0439,5
14.044,0
14.0494,9
14.0498,6
14.0498,1
14.05,0
14.0555,9
14.064,0
14.0696,2
14.0697,0
14.0751,9
14.0752,0
14.0806,5
14.0807,4
14.0862,0
14.0916,5
14.0917,0
14.0971,6
14.0972,0
14.1027,7
14.1027,6
14.1082,0
14.1194,8
14.1195,0
14.1249,5
14.125,0
14.1305,14
14.1307,3
14.1309,0
14.131,3
14.1311,0
14.1365,13
14.1366,7
14.1369,5
14.1424,0
14.1478,2
14.1533,1
14.1642,0
14.1644,1
14.1698,0
14.1757,12
14.1758,4
14.176,0
14.1815,14
14.1815,12
14.1871,4
14.1926,0
14.1982,6
14.1982,3
14.1984,0
14.2093,12
14.2094,0
14.2149,9
14.215,0
14.2204,8
14.2205,2
14.2208,1
14.2317,0
14.2372,14
14.2372,13
14.2428,7
14.2434,2
14.2553,0
14.2607,15
14.2609,3
14.2664,0
14.2718,2
14.2721,0
14.283,11
14.2831,0
14.2885,13
14.2887,0
14.2998,7
14.2998,5
14.3054,0
14.3108,2
14.3163,1
14.3163,0
14.3164,1
14.3165,0
14.3219,4
14.3223,0
14.3277,7
14.3278,0
14.3332,2
14.3335,0
14.339,11
14.3444,7
14.3448,0
14.345,15
14.345,14
14.3559,6
14.356,0
14.3561,13
14.3562,10
14.3647,0
14.3701,12
14.3705,0
14.3759,7
14.376,0
14.3814,4
14.3815,0
14.3869,9
14.3871,0
14.3925,9
14.3926,0
14.398,5
14.3981,0
14.4217,15
14.4221,14
14.4331,12
14.4332,0
14.4386,8
14.4476,1
14.4534,0
14.4535,10
14.4536,6
14.4591,0
14.4645,1
14.4646,0
14.47,4
14.47,1
14.4766,0
14.482,6
14.4821,0
14.4875,5
14.4876,0
14.4878,5
14.4878,0
14.4933,7
14.4933,2
14.4988,0
14.5042,13
14.5043,3
14.5098,0
14.5152,1
14.5153,0
14.5207,4
14.5208,2
14.5213,0
14.5267,4
14.5323,0
14.5431,9
14.5434,7
14.5437,1
14.5491,0
14.5546,3
14.5546,0
14.56,9
14.5602,0
14.5656,15
14.5656,14
14.5711,5
14.5712,0
14.5823,10
14.5825,0
14.5879,11
14.5879,8
14.5881,5
14.5936,0
14.599,11
14.5992,1
14.6046,0
14.61,12
14.6101,4
14.6156,0
14.621,9
14.6268,0
14.6322,7
14.6323,4
14.6325,2
14.638,0
14.6434,2
14.6434,0
14.6488,13
14.6493,3
14.6547,0
14.6602,11
14.6603,1
14.6657,0
14.6711,6
14.6712,0
14.6766,14
14.6771,1
14.7157,0
14.7211,6
14.7212,3
14.7266,1
14.7321,0
14.7375,6
14.7376,0
14.7433,8
14.7491,2
14.7493,0
14.7494,9
14.7495,5
14.755,0
14.7604,12
14.7605,2
14.766,0
14.7714,6
14.7715,0
14.7824,14
14.7827,9
14.8493,5
14.8603,2
14.8605,0
14.866,15
14.8661,6
14.8715,5
14.894,0
14.9051,2
14.9052,0
14.9106,11
14.9107,0
14.9493,1
14.9493,0
14.9547,8
14.9551,2
14.9829,0
14.9883,2
14.9886,0
14.9941,5
14.9941,1
14.9943,0
14.9997,8
14.9998,0
15.0053,12
15.0297,11
15.5692,9
15.5918,6
15.5919,1
15.5973,0
15.696,1
15.6961,0
15.7392,4
15.7393,2
16.1196,0
16.125,5
16.1642,4
16.2585,1
16.2639,0
16.2693,5
16.2694,4
16.3086,2
16.3198,0
16.4201,2
17.4426,1
17.4482,0
17.4536,6
17.5107,5
17.5107,0
17.5498,9
17.5498,7
17.5553,5
17.5553,4
17.5777,0
17.5831,7
17.6006,5
17.6006,2
17.6852,1
17.8213,0
17.8321,3
17.8322,2
17.8487,0
17.8541,9
17.921,8
17.9545,3
17.9773,0
17.9882,1
18.0443,0
18.0497,6
18.0498,0
18.0552,10
18.0553,4
18.0608,0
18.0665,14
18.0666,2
18.0668,0
18.0722,6
18.0723,0
18.0832,1
18.1217,0
18.1329,8
18.1388,0
18.1444,7
18.1445,1
18.2065,0
18.212,15
18.2159,9
18.34,3
18.4009,0
18.4063,14
18.4068,13
18.407,10
18.424,5
18.4241,0
18.4295,7
18.5932,5
19.2588,4
19.4844,0
19.4898,7
19.5017,5
19.5017,2
19.5018,0
19.5072,5
19.5073,0
19.5127,8
19.5128,3
19.513,0
19.5184,8
19.5185,0
19.5244,9
19.5244,3
19.5245,0
19.53,10
19.5303,0
19.5358,12
19.5359,0
19.5414,7
19.5581,0
19.5582,5
19.5586,3
19.564,0
19.5694,12
19.5695,6
19.5698,5
19.5747,0
19.5801,15
19.5803,0
19.5857,14
19.5912,6
19.5914,0
19.5915,9
19.5922,5
19.5923,0
19.5977,12
19.5978,7
19.5979,5
19.5979,0
19.6033,2
19.6034,0
19.6088,5
19.6089,0
19.6143,7
19.6144,0
19.6199,14
19.6201,9
19.6201,0
19.6203,3
19.6204,0
19.6205,51
19.621,0
19.6212,98
19.6221,0
19.6223,111
19.6233,0
19.6235,58
19.6241,0
19.6242,972
19.6256,826
19.6317,756
19.633,625
19.636,298
19.6386,9
19.6387,0
19.6389,1002
19.6426,593
19.6497,410
19.6534,15
19.6535,0
19.6537,624
19.6594,0
19.6596,5
19.6597,0
19.6651,9
19.6764,2
19.6765,0
19.6767,7
19.6819,0
19.6873,7
19.6874,0
19.6928,13
19.6928,12
19.6986,10
19.6988,0
19.7042,1
19.7043,0
19.7097,13
19.7098,8
19.7109,0
19.7163,5
19.7164,2
19.7167,0
19.7275,9
19.7276,5
19.7277,0
19.7331,5
19.7332,0
19.7386,1
19.7386,0
19.7441,13
19.7442,0
19.7497,4
19.7551,0
19.7552,7
19.7553,0
19.7663,2
19.7717,0
19.7776,6
19.7776,0
19.7831,6
19.7832,0
19.7886,9
19.7887,0
19.7889,6
19.789,0
19.7892,24
19.7894,0
19.7896,75
19.7903,0
19.7905,163
19.792,0
19.7921,116
19.7925,76
19.7932,9
19.7933,0
19.7935,889
19.7941,827
19.8006,766
19.8008,753
19.8057,738
19.8111,736
19.8166,195
19.8221,191
19.8238,104
19.8247,0
19.8248,12
19.825,0
19.8304,4
19.8304,3
19.8342,0
19.8396,5
19.8397,0
19.8451,5
19.8452,1
19.8455,0
19.8509,3
19.851,0
19.8564,8
19.8572,0
19.8626,5
19.8627,0
19.8681,13
19.8683,3
19.8683,0
19.8737,3
19.874,0
19.8795,8
19.8795,6
19.8904,2
19.8907,0
19.9021,11
19.9022,1
19.9023,0
19.9077,9
19.9078,0
19.9133,13
19.9187,10
19.9192,0
19.9193,15
19.9195,0
19.9249,6
19.925,0
19.9304,5
19.9305,0
19.936,4
19.936,3
19.937,0
19.9372,5
19.9374,0
19.9428,6
19.9428,3
19.9486,0
19.954,10
19.9541,8
19.9595,5
19.9595,4
19.9704,0
19.9758,15
19.9763,0
19.9817,13
19.9821,0
19.9875,2
19.9876,0
19.9931,13
19.9986,5
19.9986,0
19.9988,8
19.9989,0
20.0043,15
20.005,6
20.0104,5
20.0104,4
20.016,0
20.0214,6
20.0214,2
20.0492,1
20.0546,0
20.06,6
20.0601,4
20.0656,3
20.0991,1
20.1154,0
20.1211,4
20.1212,0
20.1266,3
20.1267,0
20.1437,11
20.1493,10
20.1719,0
20.1773,8
20.1774,6
20.1886,4
20.1888,0
20.1997,15
20.1997,12
20.2284,6
20.2395,0
20.2449,5
20.2449,4
20.2563,0
20.2617,10
20.2618,5
20.2672,3
20.273,1
20.273,0
20.2784,5
20.3012,3
20.3237,0
20.3239,4
20.3239,3
20.3352,0
20.3407,12
20.3582,9
20.3636,7
20.4137,5
20.4248,0
20.425,6
20.425,5
20.4305,4
20.4361,0
20.447,11
20.4471,2
20.4586,0
20.4587,6
20.4588,4
20.4643,3
20.509,2
20.5092,0
20.5146,13
20.515,6
20.5658,5
20.5771,4
20.5827,3
20.5884,2
20.5993,1
20.6163,0
20.6217,5
20.6218,1
20.6328,0
20.6382,11
20.6439,10
20.8395,8
20.845,7
20.8504,6
20.8505,3
20.8728,0
20.8782,6
20.9161,5
20.9273,3
20.9331,0
20.9385,10
20.9441,7
20.9441,2
20.9496,0
20.955,12
20.9662,7
21.0054,5
21.0382,0
21.06,4
21.0945,0
21.0999,14
21.1,12
21.1003,0
21.1057,12
21.2852,9
21.5194,8
21.5249,6
21.5249,5
21.5359,0
21.5413,5
21.5416,4
21.5471,3
21.5526,2
21.558,0
21.5916,3
21.5917,2
21.5975,0
21.6029,12
21.603,9
21.625,8
21.6363,5
21.642,3
21.7204,0
21.7259,4
21.7313,0
21.7314,10
21.7368,5
21.7368,0
21.7423,14
21.7426,11
22.011,10
22.0165,0
22.0219,2
22.022,0
22.0274,1
22.0277,0
22.0333,6
22.0334,0
22.0443,6
22.0612,0
22.0667,13
22.0667,11
22.0724,10
22.0892,6
22.0893,0
22.0947,15
22.0948,7
22.0951,0
22.1005,10
22.1006,3
22.1229,0
22.1283,14
22.1289,8
22.4179,6
22.4234,0
22.4288,13
22.4289,11
22.4513,4
22.4848,0
22.4902,4
22.4903,2
22.5135,1
22.5135,0
22.519,15
22.7677,12
22.7786,4
22.8716,3
23.006,2
23.0063,0
23.0065,6
23.0176,1
23.0178,0
23.0286,2
23.0348,0
23.0402,8
23.0462,0
23.0517,15
23.0572,9
23.0627,6
23.0627,0
23.0629,1
23.1238,0
23.1239,10
23.1244,3
23.1353,0
23.1407,15
23.1471,8
23.1581,5
23.1636,0
23.169,1
23.191,0
23.1911,15
23.2021,2
23.2131,0
23.2185,10
23.2186,5
23.2188,4
23.23,0
23.2354,3
23.2457,2
23.246,0
23.268,1
23.2795,0
23.2849,14
23.285,13
23.3149,0
23.3984,13
23.3985,9
23.4042,6
23.4157,3
23.4157,2
23.4211,1
23.428,0
23.4404,13
23.4408,0
23.4409,4
23.4462,0
23.4521,2
23.4578,0
23.4632,4
23.4749,0
23.4803,1
23.4804,0
23.5754,7
23.6651,4
23.6653,2
23.6708,0
23.6762,10
23.6818,6
23.6872,5
23.6872,4
24.0084,0
24.0139,1
24.0141,0
24.0143,6
24.0146,5
24.0201,0
24.0255,6
24.0256,5
24.0257,3
24.026,0
24.0314,2
24.039,0
24.0501,5
24.0527,3
24.0583,0
24.0637,1
24.0641,0
24.0749,13
24.0782,11
24.0784,10
24.1532,6
24.2171,2
24.2283,1
24.2398,0
24.2506,6
24.2561,3
24.2565,0
24.273,14
24.2733,7
24.2788,5
24.2788,4
24.2895,0
24.2949,3
24.2953,2
24.3008,1
24.3066,0
24.3175,12
24.3237,9
24.3461,5
24.3462,1
24.3975,0
24.4333,10
24.4334,7
24.4509,5
24.4559,1
24.4563,0
24.4617,1
24.4617,0
24.4671,5
24.4672,4
24.4893,0
24.495,13
24.4951,7
24.5008,3
24.5062,0
24.5116,10
24.512,9
24.5209,0
24.5263,9
24.5318,5
24.5373,0
24.5374,3
24.5375,0
24.543,2
24.543,0
24.5432,4
24.5432,3
24.5435,0
24.5491,11
24.5492,0
24.5714,4
24.5715,0
24.5769,11
24.577,8
24.5772,7
24.5882,5
24.5882,0
24.5936,3
24.5937,2
24.6047,0
24.6101,4
24.6105,0
24.6159,14
24.6159,9
24.6214,5
24.6215,0
24.6269,12
24.6269,11
24.6324,5
24.6324,4
24.6434,0
24.6488,10
24.6489,9
24.6492,8
24.6547,6
24.6547,4
24.6662,0
24.6716,3
24.6716,0
24.677,10
24.6771,3
24.6826,0
24.688,10
24.6881,9
24.6936,5
24.699,0
24.7045,12
24.7048,9
24.7103,5
24.7103,0
24.7215,11
24.7215,8
24.7325,5
24.7435,0
24.7489,8
24.749,3
24.7492,0
24.7494,15
24.7495,8
24.7549,5
24.755,0
24.7604,3
24.7607,2
24.7662,0
24.7716,2
24.7717,0
24.7771,1
24.7771,0
24.7825,10
24.7826,8
24.7936,5
24.7936,3
24.7993,0
24.8047,10
24.8047,9
24.805,0
24.8104,13
24.8105,11
24.8217,3
24.8272,0
24.8326,6
24.8327,0
24.8546,15
24.8547,9
24.8601,5
24.8602,0
24.8656,6
24.866,1
24.8714,0
24.8769,6
24.877,3
24.8772,0
24.8773,12
24.8774,6
24.8939,5
24.8939,0
24.8993,13
24.8994,7
24.9049,5
24.9049,0
24.9103,8
24.9104,7
24.9158,5
24.9159,0
24.9213,4
24.9217,0
24.9271,2
24.9271,0
24.9434,14
24.9435,7
24.949,5
24.9491,0
24.9545,15
24.9546,9
24.9658,0
24.9767,6
24.9768,0
24.9822,1
24.9822,0
24.9931,3
24.9932,0
24.9986,2
24.9986,0
25.0603,8
25.0603,6
25.1328,5
25.1383,3
25.1386,0
25.144,4
25.1441,3
25.1513,0
25.1567,5
25.1568,0
25.1622,7
25.1622,5
25.1803,3
25.2023,2
25.2134,0
25.2243,8
25.2246,0
25.2355,7
25.2356,0
25.2465,14
25.2465,11
25.2575,6
25.2629,5
25.263,0
25.2684,6
25.2685,1
25.2742,0
25.2854,15
25.2855,10
25.291,5
25.2965,0
25.2966,3
25.2967,0
25.3021,5
25.3024,4
25.3079,0
25.3133,15
25.3134,7
25.3137,2
25.3191,1
25.3336,0
25.339,10
25.339,8
25.3501,0
25.3556,15
25.3611,12
25.3666,6
25.3666,4
25.3723,0
25.3725,10
25.3725,9
25.378,6
25.378,2
25.3782,0
25.3836,13
25.3838,1
25.3893,0
25.3947,8
25.3947,4
25.4002,1
25.406,0
25.4114,12
25.4169,11
25.4224,6
25.4279,1
25.4281,0
25.4282,2
25.4286,0
25.434,10
25.4341,0
25.4395,1
25.4396,0
25.445,5
25.4451,1
25.4453,0
25.4507,1
25.4507,0
25.4561,10
25.4562,1
25.4617,0
25.4672,5
25.4727,0
25.4861,8
25.4862,6
25.4925,5
25.4925,0
25.5034,12
25.5035,0
25.5089,9
25.5095,7
25.5325,0
25.5379,6
25.538,2
25.5382,0
25.5436,3
25.5436,2
25.584,1
25.6342,0
25.6505,6
25.6506,4
25.6615,0
25.6669,10
25.667,8
25.6724,6
25.6725,4
25.6842,0
25.6951,14
25.6951,13
25.7009,11
25.7124,9
25.7235,5
25.7235,4
25.7237,3
25.7404,2
25.7459,1
25.9022,0
25.9023,15
25.9024,14
25.9195,8
25.9197,1
26.0031,0
26.0085,1
26.0086,0
26.014,10
26.014,7
26.0198,5
26.0419,0
26.0474,1
26.0586,0
26.0588,6
26.0588,4
26.0591,0
26.0645,9
26.0646,2
26.07,1
26.0755,0
26.081,11
26.0924,10
26.0927,0
26.0981,13
26.1094,7
26.1149,6
26.1207,5
26.1288,0
26.1398,2
26.1399,0
26.1454,6
26.1616,3
26.2398,0
26.2399,3
26.24,0
26.2454,5
26.2513,4
26.2568,0
26.2622,1
26.2622,0
26.2676,14
26.2732,11
26.2733,10
26.2733,9
26.2791,8
26.2901,5
26.2901,3
26.2959,0
26.3013,7
26.3014,2
26.3069,0
26.3123,8
26.3123,6
26.3126,0
26.318,8
26.3183,7
26.3185,5
26.3187,0
26.3189,13
26.3189,9
26.3354,6
26.3413,5
26.3525,0
26.358,15
26.358,14
26.3635,10
26.3747,9
26.3749,0
26.3803,2
26.3803,0
26.3857,3
26.3858,0
26.3912,13
26.3931,0
26.3985,7
26.4099,5
26.4101,0
26.4155,9
26.4155,8
26.4157,0
26.4211,10
26.4212,0
26.4379,14
26.438,8
26.4383,7
26.4385,2
26.448,0
26.4534,2
26.4537,0
26.4592,8
26.4593,2
26.4594,0
26.4649,10
26.465,3
26.4705,0
26.4873,3
26.4874,0
26.4928,1
26.4929,0
26.4983,2
26.4986,1
26.5041,0
26.5095,5
26.5194,0
26.5248,7
26.5412,5
26.5413,0
26.5521,12
26.5774,6
26.5941,5
26.5941,0
26.5995,2
26.6373,0
26.6427,12
26.6951,0
26.7005,11
26.7006,0
26.706,6
26.7066,0
26.712,13
26.7121,0
26.7175,12
26.7228,9
26.7404,5
26.7404,0
26.7646,3
26.7753,0
26.7807,13
26.7843,2
26.7845,0
26.7899,4
26.792,0
26.7977,5
26.8033,0
26.8087,5
26.8427,4
26.8574,0
26.8759,14
26.9273,12
26.9275,11
26.9393,5
26.9393,4
26.9729,0
26.9783,2
26.9784,0
26.9838,15
26.9884,11
26.9888,5
26.9944,3
27.501,0
27.5064,10
27.5065,7
27.5254,0
27.5545,10
27.5546,0
27.5548,2
27.5548,0
27.5602,1
27.5603,0
27.5662,11
27.5717,10
27.5718,9
27.5773,8
27.5831,0
27.5832,5
27.5833,1
27.5888,0
27.5942,12
27.5943,0
27.5998,15
27.6,9
27.6,6
27.6055,5
27.6055,0
27.6111,12
27.6112,4
27.6167,0
27.6221,5
27.6222,0
27.6276,10
27.6277,4
27.628,1
27.6334,0
27.6389,7
27.639,0
27.6444,8
27.6445,0
27.6499,9
27.65,0
27.6554,13
27.6556,0
27.661,8
27.6611,0
27.672,9
27.6721,1
27.6775,0
27.6837,6
27.689,0
27.6999,9
27.7,0
27.7054,6
27.7055,0
27.7109,5
27.711,0
27.7164,2
27.7165,0
27.7219,10
27.722,0
27.7274,4
27.7275,0
27.7329,11
27.733,5
27.7333,4
27.7388,0
27.7443,4
27.7444,0
27.7445,1
27.7445,0
27.75,13
27.7501,0
27.7556,5
27.7946,0
27.7953,3
27.7954,0
27.8008,10
27.8009,1
27.8063,0
27.8172,15
27.8173,2
27.8228,0
27.8283,9
27.8284,3
27.8342,1
27.8344,0
27.8345,8
27.8346,0
27.8401,14
27.8456,13
27.8511,6
27.8511,0
27.8513,14
27.8514,9
27.8516,6
27.857,5
27.857,0
27.8628,1
27.8738,0
27.8739,12
27.874,5
28.5022,0
28.5305,6
28.5862,5
28.5862,1
28.6333,0
28.6566,6
28.6567,2
28.6622,1
28.674,0
28.7598,3
28.8113,1
28.8227,0
28.8281,2
28.8336,0
28.839,8
28.8569,0
29.011,8
29.0111,0
29.0166,10
29.0278,3
29.0334,0
29.0335,15
29.0336,10
29.0336,7
29.0338,1
29.2009,0
29.2063,1
29.2064,0
29.2118,11
29.2119,0
29.2173,12
29.2177,5
29.2747,4
29.2803,0
29.2857,15
29.2859,0
29.2913,7
29.2914,0
29.2968,4
29.2971,0
29.3026,9
29.3027,0
29.3028,9
29.303,0
29.3084,5
29.3485,0
29.3539,2
29.354,0
29.3594,1
29.3595,0
29.3649,11
29.3706,10
29.3873,9
29.4381,8
29.4383,2
29.4602,1
29.4657,0
29.4881,7
29.4881,3
29.5115,0
29.5169,5
29.517,0
29.5279,10
29.5283,2
29.5729,0
29.5783,15
29.5784,6
29.6065,0
29.6119,15
29.612,8
29.6289,5
29.6453,4
29.6511,0
29.6566,2
29.6566,1
29.6568,0
29.6569,10
29.657,7
29.668,5
29.668,0
29.6734,7
29.6735,0
29.6789,13
29.6794,0
29.6848,15
29.6849,9
29.6852,5
29.6854,0
29.6908,7
29.6909,0
29.6964,11
29.6965,0
29.7019,6
29.702,0
29.7074,2
29.7075,0
29.7183,10
29.7185,0
29.7239,15
29.7242,14
29.7299,8
29.7354,5
29.7354,3
29.7409,0
29.7519,15
29.7521,0
29.7576,6
29.7577,0
29.758,28
29.7583,0
29.7585,46
29.759,0
29.7591,147
29.7593,137
29.7595,129
29.7819,120
29.793,116
29.837,111
29.8374,103
29.8927,102
29.9148,96
29.9203,95
29.9696,90
29.97,81
29.9755,79
29.9869,71
30.091,55
30.113,42
30.158,37
30.1802,22
30.2975,17
30.3141,5
30.3141,4
30.3698,3
30.4588,0
30.4589,3
30.459,0
30.4592,5
30.4606,3
30.4716,0
30.477,6
30.4771,0
30.4825,10
30.4827,0
30.4881,2
30.4882,0
30.4883,14
30.4885,2
30.4887,0
30.4941,7
31.0743,0
31.1184,10
31.1188,0
31.1242,13
31.1297,9
31.13,8
31.1355,7
31.2125,0
31.2237,2
31.224,0
31.2299,10
31.2299,8
31.2356,6
31.2411,5
31.2411,2
31.2637,0
31.2691,3
31.2694,0
31.2748,6
31.2749,0
31.2858,12
31.2859,3
31.3025,0
31.3134,3
31.3134,0
31.3188,13
31.3192,9
31.381,5
31.5071,0
31.5129,15
31.5131,9
31.5189,0
31.5245,8
31.5246,4
31.5355,2
31.5411,1
31.5469,0
31.5524,10
31.5525,0
31.558,3
31.5582,0
31.5583,13
31.5641,12
31.5697,4
31.5859,0
31.5861,3
31.5861,0
31.597,14
31.5971,10
31.5973,5
31.6083,0
31.6248,3
31.6251,2
31.6253,0
31.6307,6
31.6307,4
31.6418,0
31.6472,1
31.6475,0
31.6529,8
31.653,5
31.6639,0
31.6693,9
31.6694,0
31.6749,5
31.6752,4
31.6754,1
31.6809,0
31.6864,13
31.6919,9
31.6974,0
31.703,11
31.703,9
31.7085,0
31.7194,7
31.7195,1
31.7417,0
31.7471,11
31.7472,0
31.7587,14
31.7587,11
31.7764,6
31.7765,0
31.7819,10
31.7822,9
31.7888,0
31.7942,1
31.7943,0
31.7997,8
31.7998,2
31.8,0
31.8054,7
31.8055,4
31.8164,0
31.8219,15
31.8219,13
31.8274,2
31.8277,0
31.8331,6
31.8332,5
31.8334,0
31.8388,14
31.8389,11
31.8443,9
31.8501,8
31.8557,1
31.8667,0
31.8721,3
31.8722,0
31.8776,4
31.8777,0
31.8831,1
31.8834,0
31.8888,8
31.8889,4
31.8891,0
31.8945,4
31.8945,3
31.9055,0
31.9163,15
31.9164,8
31.9167,0
31.9221,9
31.9221,5
31.9279,0
31.9334,15
31.9335,0
31.939,1
31.9445,0
31.9446,8
31.9447,5
31.9502,0
31.9704,11
31.9705,0
31.9761,10
31.9762,1
31.9817,0
31.9871,15
31.9875,13
31.993,8
31.9984,7
31.9985,0
32.0039,15
32.004,14
32.0041,13
32.0097,5
32.0097,0
32.0152,10
32.0153,0
32.0154,3
32.0155,0
32.0209,5
32.021,0
32.0319,14
32.032,0
32.0374,15
32.0376,0
32.043,4
32.0431,0
32.054,5
32.0541,0
32.0595,10
32.0596,0
32.065,4
32.0651,0
32.0705,6
32.0706,0
32.076,9
32.0761,0
32.0815,2
32.0816,0
32.087,6
32.0876,5
32.0931,0
32.0986,13
32.0987,0
32.0989,1
32.0989,0
32.0991,52
32.0996,0
32.0998,124
32.1009,0
32.1011,6
32.1012,0
32.1014,373
32.1041,77
32.1102,5
32.1102,0
32.1104,1006
32.115,494
32.1249,5
32.1249,0
32.1251,421
32.1263,289
32.1343,36
32.1346,0
32.1348,841
32.1375,540
32.1478,5
32.1478,0
32.148,188
32.1486,130
32.1551,5
32.1552,0
32.1553,825
32.1595,370
32.1628,19
32.163,0
32.1631,6
32.1632,0
32.1686,7
32.1687,0
32.1742,5
32.1742,0
32.1796,8
32.1798,0
32.1852,6
32.1853,0
32.1907,7
32.1911,0
32.1965,3
32.1965,0
32.2019,10
32.2021,0
32.2184,8
32.2185,0
32.2239,9
32.224,0
32.2294,4
32.2295,0
32.2349,11
32.2351,0
32.2459,4
32.246,0
32.2514,10
32.2516,0
32.257,5
32.2571,0
32.2625,1
32.2625,0
32.2734,5
32.2735,0
32.2789,7
32.279,0
32.2792,13
32.2793,0
32.2847,10
32.2849,0
32.2903,4
32.2906,0
32.296,10
32.2962,0
32.3016,15
32.3018,0
32.3072,13
32.3073,0
32.3127,14
32.3129,0
32.3183,3
32.3184,0
32.3238,10
32.3239,0
32.3293,1
32.3294,0
32.3348,9
32.3349,0
32.3403,11
32.3405,0
32.3459,4
32.346,0
32.3514,2
32.3514,0
32.3568,5
32.3569,0
32.3678,9
32.3679,0
32.3733,13
32.3735,0
32.3843,6
32.3844,0
32.3898,3
32.3899,0
32.3953,14
32.3958,0
32.4012,5
32.4013,0
32.4067,7
32.4068,0
32.4122,8
32.4123,0
32.4177,12
32.4179,0
32.4287,3
32.4288,0
32.4342,11
32.4343,0
32.4397,4
32.4398,0
32.4452,8
32.4454,0
32.4508,4
32.4508,0
32.4562,10
32.4564,0
32.4618,7
32.4619,0
32.4673,4
32.4674,0
32.4728,6
32.4729,0
32.4783,9
32.4784,0
32.4838,14
32.484,0
32.4894,4
32.4895,0
32.4949,10
32.4953,0
32.5007,13
32.563,9
32.5689,2
32.5746,0
32.5801,14
32.5802,0
32.5966,4
32.613,0
32.6134,10
32.6134,9
32.7055,4
32.7058,1
32.7611,0
32.7665,9
32.8764,8
32.9153,3
32.9156,2
32.9487,0
32.9541,13
32.9543,4
32.9545,0
32.9547,10
32.9547,6
32.9827,0
33.0169,12
33.0348,11
33.0514,9
33.0569,6
33.0569,5
33.0573,0
33.0574,15
33.0575,5
33.0577,0
33.0632,11
33.0702,7
33.0756,5
33.0757,1
33.0815,0
33.0869,11
33.0984,10
33.1039,0
33.1153,12
33.1207,7
33.1262,6
33.1262,0
33.1264,13
33.1265,12
33.1434,11
33.1489,10
33.1491,9
33.1491,3
33.1546,0
33.16,11
33.1607,9
33.1608,8
33.1663,5
33.1663,4
33.183,3
33.1885,0
33.1994,15
33.205,7
33.2105,5
33.2162,0
33.2216,15
33.2217,12
33.233,0
33.2385,3
33.2609,2
33.2664,1
33.2776,0
33.2777,22
33.2778,18
33.2835,17
33.2838,7
33.306,0
33.3062,1
33.3062,0
33.3117,5
33.3174,2
33.3229,0
33.3232,11
33.3233,4
33.3342,0
33.3474,10
33.3475,7
33.3478,0
33.3532,1
33.3874,0
33.4645,10
33.4646,4
33.4866,2
33.4923,0
33.528,8
33.5334,4
33.5452,0
33.5506,14
33.5506,12
33.5727,11
33.584,8
33.5898,7
33.6064,5
33.6845,3
33.6848,0
33.6902,14
33.6902,11
33.7289,6
33.7293,3
33.7512,0
33.7567,13
33.7572,7
33.7629,3
33.7635,1
33.9312,0
33.9313,11
33.9314,9
33.9479,8
33.9757,4
34.0318,2
34.032,0
34.0374,3
34.0629,0
34.0683,3
34.0684,0
34.0738,1
34.0738,0
34.0793,13
34.0793,9
34.1074,0
34.1128,14
34.1242,13
34.1354,12
34.1873,5
34.1873,0
34.1932,9
34.1933,3
34.1988,0
34.2042,13
34.2104,0
34.2158,7
34.2159,0
34.2214,2
34.2268,1
34.2322,0
34.2377,5
34.238,0
34.2434,1
34.2437,0
34.2546,3
34.2601,0
34.2655,4
34.2656,0
34.271,14
34.2876,11
34.3156,10
34.3224,8
34.3278,5
34.3279,3
34.328,2
34.346,0
34.3514,1
34.3514,0
34.3568,9
34.3571,8
34.3914,0
34.3968,1
34.3969,0
34.4023,1
34.4023,0
34.4077,1
34.4209,0
34.4263,1
34.4652,0
34.4706,15
34.4728,11
34.473,10
34.5178,8
34.5232,5
34.5233,1
34.5287,0
34.9181,3
35.0103,1
35.0158,0
35.0212,15
35.0213,11
35.1705,10
35.1711,8
35.1766,4
35.1875,2
35.1875,0
35.1929,4
35.193,0
35.1984,2
35.1985,0
35.2039,6
35.2332,2
35.2387,1
35.2389,0
35.2444,8
35.2498,4
35.2498,3
35.2885,0
35.2887,5
35.2887,4
35.2941,0
35.2996,9
35.2996,7
35.2998,6
35.3053,2
35.3108,0
35.3162,8
35.3163,3
35.3218,0
35.3557,5
35.3563,1
35.3565,0
35.3676,5
35.3677,2
35.3732,0
35.3786,12
35.3787,1
35.3789,0
35.3898,4
35.3899,1
35.3954,0
35.4008,1
35.4008,0
35.4062,2
35.4063,0
35.4118,13
35.5051,7
35.5054,0
35.5055,3
35.5055,2
35.5113,1
35.5222,0
35.5276,2
35.5277,0
35.5331,4
35.5332,0
35.5386,10
35.5389,9
35.5391,6
35.5392,5
35.5889,3
35.8325,0
35.9214,3
35.922,0
35.9274,13
35.9275,3
35.9441,1
35.9662,0
36.0415,15
36.0417,0
36.0471,3
36.0472,0
36.0527,15
36.053,5
36.0639,0
36.0695,6
36.0696,0
36.0862,14
36.0862,12
36.1083,0
36.1137,13
36.1138,10
36.1252,5
36.1252,4
36.1254,1
36.1309,0
36.1699,14
36.17,12
36.1812,4
36.1921,0
36.1975,12
36.1977,0
36.2031,3
36.2032,1
36.2086,0
36.214,5
36.2141,3
36.225,0
36.2304,13
36.2305,6
36.264,0
36.2694,13
36.2695,4
36.2863,0
36.2917,7
36.2918,3
36.3028,0
36.3136,9
36.3138,0
36.3192,4
36.3192,0
36.3247,8
36.3248,0
36.3302,1
36.3302,0
36.349,15
36.3492,0
36.3546,12
36.3714,8
36.377,5
36.3772,0
36.3827,3
36.3885,2
36.4109,0
36.411,14
36.4112,4
36.4167,0
36.4221,15
36.4221,12
36.4276,6
36.4277,3
36.4446,0
36.45,12
36.4501,1
36.5164,0
36.5218,5
36.5221,3
36.5255,0
36.5309,9
36.531,4
36.5367,2
36.5423,0
36.5477,11
36.5477,6
36.559,2
36.6085,0
36.6139,1
36.614,0
36.6194,13
36.6195,4
36.6307,0
36.6361,7
36.6362,4
36.6422,0
36.6585,5
36.6586,0
36.664,13
36.6644,8
36.7086,4
36.7196,1
36.7251,0
36.7306,1
36.7809,0
36.781,8
36.7811,4
36.7812,1
36.7867,0
36.7868,8
36.7869,0
36.7923,7
36.7924,0
36.7978,10
36.7982,3
36.7984,0
36.8038,3
36.8039,0
36.8094,10
36.8315,7
36.8371,5
36.8371,2
36.8539,0
36.854,5
36.8541,0
36.8707,13
36.8708,5
36.8985,0
36.9093,5
36.9094,1
36.926,0
36.9314,3
36.9315,0
36.9369,10
36.937,7
36.9539,0
36.9593,14
36.9594,10
36.9596,4
36.9651,0
36.9706,15
36.9709,12
37.012,10
37.0122,9
37.0396,5
37.0396,3
37.0508,0
37.0563,9
37.0618,6
37.0618,3
37.1065,2
37.1343,0
37.1345,10
37.1346,3
37.14,1
37.1455,0
37.1509,5
37.1624,0
37.1678,5
37.1794,0
37.1796,23
37.2018,11
37.22,10
37.2202,5
37.2312,0
37.2313,11
37.2314,10
37.2517,8
37.2571,5
37.2631,2
37.2912,0
37.2914,12
37.2914,9
37.3192,6
37.3579,2
37.3916,0
37.397,7
37.4026,6
37.408,5
37.4081,0
37.4577,15
37.4641,9
37.4751,8
37.4915,5
37.4916,2
37.5086,1
37.5199,0
37.52,12
37.5201,2
37.5257,0
37.5311,11
37.5311,10
37.5366,8
37.5421,5
37.5421,0
37.553,14
37.553,9
37.5588,6
37.5644,0
37.5875,13
37.5876,11
37.6041,9
37.6096,5
37.6096,3
37.6154,2
37.6212,0
37.6266,15
37.6543,5
37.6544,0
37.6602,8
37.6603,0
37.6658,6
37.6714,5
37.6714,0
37.6768,1
37.6769,0
37.6823,3
37.6879,0
37.6933,3
37.6992,0
37.7046,2
37.7047,0
37.7101,4
37.7102,0
37.7156,5
37.7214,0
37.727,1
37.7271,0
37.7325,8
37.7382,5
37.7382,0
37.7437,6
37.7437,2
37.7439,0
37.7441,15
37.7442,6
37.7497,5
37.7497,0
37.766,13
37.7661,7
37.7664,6
37.7718,5
37.7719,0
37.7773,12
37.7774,4
37.7889,3
37.7947,2
37.8003,0
37.8057,3
37.8058,0
37.806,13
37.8061,2
37.8063,0
37.8117,9
37.8174,7
37.8232,0
37.8452,6
37.851,5
37.862,0
37.8622,13
37.8623,4
37.8739,0
37.8793,12
37.8794,9
37.8904,5
37.8904,1
37.8961,0
37.9015,4
37.9016,0
37.907,6
37.9126,0
37.918,2
37.9181,0
37.9235,2
37.9296,0
37.935,3
37.9351,0
37.9405,2
37.9406,0
37.9514,11
37.9571,5
37.9571,2
37.9626,0
37.968,8
37.9852,7
37.9908,6
37.991,5
37.9967,2
38.9401,1
40.001,0
40.3631,13
40.3632,10
40.3633,1
40.3915,0
40.3972,15
40.3974,0
40.4028,12
40.4029,5
40.4084,4
40.4139,0
40.4193,14
40.4194,13
40.4584,7
40.5846,2
40.5849,0
40.5851,13
40.5852,7
40.6183,0
40.6517,15
40.8139,1
40.847,0
40.8524,5
40.8525,0
40.8579,8
40.858,0
40.8689,7
40.8725,3
40.8728,0
40.8782,15
40.8784,3
40.8839,1
40.8894,0
40.8948,5
40.9678,0
40.9732,7
40.9964,0
41.0018,15
41.0018,11
41.0809,10
41.1865,2
41.1865,0
41.2421,1
41.2422,0
41.2762,2
41.3049,0
41.3446,11
41.3447,4
41.3449,3
41.5112,0
41.5113,5
41.5114,4
41.5116,3
41.5116,0
41.517,9
41.5171,6
41.5282,0
41.5336,3
41.545,0
41.5504,6
41.5504,3
41.5507,2
41.5562,0
41.6381,14
41.6383,0
41.6437,9
41.645,0
41.6504,15
41.6505,14
41.6507,9
41.6562,5
41.6562,0
41.6836,4
41.6838,0
41.695,15
41.7422,4
41.7572,0
41.7705,7
41.7762,5
41.7816,4
41.804,2
41.8152,0
41.8315,2
41.8319,0
41.8373,2
41.8374,0
41.8485,11
41.8544,7
41.8548,2
41.8605,0
41.8659,14
41.8767,10
41.877,6
41.8999,1
41.9053,0
41.9277,11
41.9278,2
41.9332,0
41.9387,11
41.9557,5
41.9558,0
41.9614,4
41.9672,0
41.9674,12
41.9675,3
41.9677,0
41.9731,9
41.9778,5
41.9836,0
41.989,5
41.9892,0
41.9946,1
42.0565,0
42.0625,11
42.0628,1
42.0796,0
42.0798,9
42.0798,4
42.0853,3
42.102,0
42.1074,13
42.1075,3
42.113,0
42.124,12
42.1243,11
42.1352,9
42.1407,6
42.1572,5
42.1572,0
42.1626,3
42.1627,0
42.1682,1
42.1741,0
42.1743,5
42.1743,4
42.1856,1
42.2524,0
42.2525,13
42.2526,11
42.2635,5
42.2636,0
42.269,12
42.2751,7
42.2806,5
42.2806,0
42.2915,13
42.2915,12
42.2973,3
42.3028,0
42.3082,5
42.3083,0
42.3137,2
42.3138,0
42.3246,11
42.325,6
42.3359,5
42.3359,0
42.3414,13
42.3415,2
42.347,0
42.3524,13
42.3525,2
42.3527,0
42.3692,13
42.3693,12
42.3754,0
42.381,14
42.3865,8
42.3865,0
42.3869,20
42.387,16
42.799,5
42.8947,1
42.9002,0
42.9003,9
42.9004,8
42.9113,5
42.9113,0
42.9115,1
42.9115,0
42.9227,5
42.9228,0
42.9282,8
42.9283,3
43.0052,0
43.0106,5
43.017,0
43.0172,4
43.0172,2
43.1393,1
43.2246,0
43.23,15
43.2301,12
43.2581,9
43.3302,3
43.3811,2
43.3931,0
43.3985,11
43.4191,7
43.4248,6
43.4379,5
43.4379,3
43.4434,2
43.4709,0
43.4877,14
43.4932,9
43.4993,8
43.5049,3
43.5106,0
43.5107,5
43.5108,1
43.5162,0
43.5216,8
43.5217,2
43.5219,0
43.5329,4
43.5332,2
43.6197,0
43.6198,14
43.6199,11
43.6643,4
43.72,3
43.72,2
43.7257,0
43.7311,12
43.7899,11
43.8515,7
43.8959,5
43.9013,2
43.9013,1
43.9238,0
43.9292,11
43.9293,6
43.9351,1
44.0628,0
44.0684,7
44.0803,5
44.0803,4
44.0973,0
44.1082,1
44.1082,0
44.1136,9
44.114,8
44.1198,5
44.1199,4
44.1594,3
44.2036,0
44.2366,9
44.2589,8
44.5113,6
44.5387,5
44.5387,0
44.5511,15
44.5514,13
44.5569,6
44.557,0
44.5571,4
44.5572,0
44.5626,12
44.5627,11
44.5832,6
44.5835,0
44.5889,12
44.5891,3
44.5893,0
44.5947,13
44.6165,12
44.6165,11
44.622,6
44.6275,5
44.6275,2
44.633,0
44.6332,12
44.6333,7
44.6387,5
44.6388,1
44.6391,0
44.6445,12
44.6503,0
44.6505,4
44.6505,2
44.6564,0
44.6618,12
44.6619,9
44.6621,6
44.6675,5
44.6676,0
44.673,6
44.6731,0
44.6785,8
44.6843,1
44.6898,0
45.0372,9
45.0375,5
45.043,0
45.0484,12
45.0538,8
45.0541,6
45.2162,4
45.2412,3
45.3136,0
45.319,11
45.3384,3
45.3485,2
45.354,0
45.3594,10
45.421,5
45.421,4
45.505,0
45.5106,8
45.5106,3
45.5493,0
45.5547,5
45.5603,0
45.5657,2
45.6217,0
45.6271,2
45.6272,1
45.6436,0
45.6491,7
45.6511,3
45.6514,0
45.6568,10
45.6627,0
45.6852,4
45.7245,0
45.7299,2
45.73,0
45.7354,12
45.7355,4
45.7519,0
45.7574,14
45.7575,0
45.7629,1
45.7683,0
45.8017,2
45.8019,0
45.802,8
45.8157,5
45.8212,0
45.8213,3
45.8214,0
45.8268,9
45.8324,1
45.8378,0
45.8487,13
45.86,9
45.8603,8
45.8657,5
45.8658,4
45.8992,0
45.9049,15
45.9162,9
45.9164,8
45.9495,0
45.9549,11
45.9578,7
45.9582,0
45.9636,15
46.0917,10
46.092,6
46.1478,0
46.1809,13
46.181,8
46.1977,5
46.1977,4
46.4522,0
46.4639,6
46.464,2
46.4758,0
46.8743,10
47.1702,7
47.5028,6
47.5083,2
47.5196,0
47.5363,12
47.5364,10
47.5367,7
47.5421,6
47.5422,3
47.5867,2
47.5979,0
47.6033,12
47.6034,5
47.91,0
47.9268,6
47.9268,5
48.0296,3
48.0741,1
48.1309,0
48.1363,5
48.1367,4
48.192,2
48.2408,0
48.4651,7
48.4652,2
48.485,0
48.4904,7
48.4905,0
48.5014,8
49.0095,2
49.0223,0
49.0332,8
49.1134,5
49.1134,1
49.1311,0
49.1365,1
49.1533,0
49.1587,5
49.1716,4
49.1771,0
49.1826,7
49.1998,3
49.2162,2
49.2217,0
49.2271,3
49.2946,1
49.3167,0
49.3222,4
49.3311,0
49.3313,6
49.3313,5
49.3522,4
49.3577,0
49.3631,3
49.3746,0
49.38,6
49.3972,5
49.4085,3
49.4142,0
49.4196,15
49.4197,9
49.4361,5
49.4362,2
49.4416,0
49.447,8
49.4586,0
49.464,13
49.4641,7
49.4644,6
49.4699,5
49.4699,1
49.4811,0
49.4865,3
49.4928,0
49.5038,13
49.504,0
49.5209,4
49.5267,0
49.5489,6
50.6325,5
50.6382,0
50.6383,11
50.6769,9
50.6992,0
50.7046,11
50.705,5
50.7105,0
50.7159,12
50.7411,7
50.7466,5
50.7466,3
50.7468,0
50.7522,7
50.7523,5
50.7578,0
50.7632,14
50.7632,13
50.7802,12
50.7914,0
50.7968,2
50.8032,0
50.8141,7
50.8141,6
50.8196,5
50.8251,0
50.8359,13
50.836,8
50.8415,5
50.8415,0
50.8469,15
50.847,10
50.8525,5
50.8525,0
50.858,10
50.8581,2
50.8583,0
50.8585,12
50.8585,8
50.864,5
50.8641,0
50.8695,10
50.8698,6
50.8753,5
50.8753,0
50.8807,4
50.8808,0
50.8862,11
50.8865,9
50.892,8
50.8974,5
50.8975,0
50.9029,5
50.903,0
50.9084,12
50.9085,0
50.9139,5
50.9151,4
50.9211,2
50.9214,1
50.9216,0
50.9382,13
50.9383,5
50.9438,0
50.9492,4
50.9558,0
50.9612,11
50.9613,9
50.9668,8
50.9726,2
50.9835,0
50.9889,14
50.9891,5
50.9948,2
50.995,0
51.0004,12
51.5115,11
51.5896,9
52.0064,6
52.019,5
52.019,0
52.0299,10
52.0307,9
52.0498,5
52.0498,4
52.096,3
52.1018,0
52.1073,2
52.1075,1
52.1185,0
52.1186,9
52.1187,0
52.1241,13
52.1531,10
52.2864,9
52.3419,0
52.3474,2
52.358,0
52.3582,14
52.3582,12
52.3584,10
52.3587,8
52.3757,0
52.3812,14
52.4033,12
52.5394,7
52.5397,2
52.5451,0
52.5505,4
52.5506,0
52.556,8
52.5561,7
52.5563,6
52.5617,5
52.5617,2
52.5726,0
52.5783,3
52.5787,2
52.5844,0
52.5899,10
52.6009,4
52.6387,0
52.6441,3
52.646,2
52.698,0
52.7034,2
52.7147,0
52.7201,12
52.7315,7
52.7553,0
52.7661,15
52.954,11
52.9769,10
53.0002,8
53.0057,5
53.0057,4
53.0224,3
53.0333,2
53.2053,0
53.2219,12
53.222,2
53.2612,0
53.272,8
53.2746,2
53.2801,0
53.2856,7
54.0261,0
54.0263,7
54.0264,2
54.0318,0
54.0596,12
54.0596,8
54.0651,5
54.0651,4
54.0706,0
54.076,10
54.0761,4
54.0875,0
54.0929,12
54.1154,5
54.1209,0
54.1263,6
54.1264,0
54.1318,11
54.1319,10
54.1373,8
54.1707,5
54.1707,0
54.1761,7
54.1762,1
54.1817,0
54.1871,3
54.232,0
54.2374,3
54.2375,0
54.2429,8
54.243,2
54.2485,0
54.2539,3
54.2543,0
54.2597,5
54.271,0
54.2764,2
54.299,0
54.3044,15
54.3046,3
54.3048,0
54.3103,2
54.3106,0
54.311,9
54.3112,0
54.3166,4
54.3335,1
54.3389,0
54.3554,4
54.3668,0
54.3722,5
54.4445,0
54.4777,6
54.4944,5
54.4944,3
54.5007,2
54.5011,0
54.5065,9
54.5066,0
54.512,8
54.5124,0
54.5178,8
54.5179,0
54.5233,12
54.5235,1
54.529,0
54.5345,1
54.5345,0
54.5346,10
54.5348,0
54.5404,15
54.5405,3
54.546,0
54.5514,14
54.5514,12
54.5569,9
54.5627,0
54.5682,4
54.5683,0
54.5684,3
54.5685,0
54.5739,7
54.574,0
54.5794,10
54.5795,6
54.5797,0
54.5906,4
54.5906,0
54.6015,14
54.6016,8
54.6019,7
54.6021,6
54.6075,5
54.6076,0
54.613,3
54.6133,1
54.6188,0
54.6242,11
54.6243,0
54.6298,8
54.6353,5
54.6353,2
54.6407,0
54.6463,11
54.6464,5
54.6466,0
54.6521,14
54.6522,4
54.6634,0
54.6688,3
54.6689,0
54.6743,3
54.6744,0
54.6798,2
54.6799,0
54.6853,9
54.6854,3
54.6857,2
54.6911,0
54.6965,11
54.6966,10
54.6969,0
54.7023,1
54.7023,0
54.7077,3
54.7078,1
54.7132,0
54.7186,3
54.719,0
54.73,13
54.7306,0
54.7307,9
54.7308,0
54.7363,8
54.7364,0
54.7472,6
54.7473,0
54.7528,8
54.753,4
54.7585,0
54.7644,15
54.7645,8
54.77,5
54.77,4
54.7755,1
54.7865,0
54.7919,11
54.7927,0
54.7981,11
54.8036,7
54.8038,0
54.8094,8
54.8095,1
54.815,0
54.8204,6
54.8207,4
54.8262,0
54.8316,12
54.8317,4
54.8372,0
54.8426,6
54.8427,5
54.8482,0
54.8536,5
54.8537,0
54.8591,7
54.8592,0
54.87,5
54.8704,0
54.8868,5
54.8924,0
54.8978,2
54.8978,0
54.9033,11
54.9038,0
54.9039,5
54.904,4
54.9204,0
54.9313,8
54.9314,0
54.9368,14
54.9369,12
54.9424,5
54.9589,0
54.9643,15
54.9645,5
54.9702,0
54.9756,8
54.9757,0
54.9812,14
54.9814,0
54.9815,4
54.9816,0
54.987,5
54.9871,1
54.9925,0
54.9979,15
54.998,9
54.9984,0
55.0038,10
55.0093,0
55.0147,10
55.015,0
55.0204,1
55.0205,0
55.0259,15
55.0263,11
55.0318,5
55.0318,4
55.0373,0
55.0374,18
55.0376,0
55.0378,9
55.0378,6
55.0434,0
55.0488,2
55.0543,0
55.0544,4
55.0545,0
55.0599,15
55.06,7
55.0655,5
55.0655,0
55.071,13
55.0712,12
55.0861,8
55.087,5
55.0925,0
55.0926,12
55.093,0
55.0984,3
55.1042,0
55.1152,10
55.1152,8
55.1207,6
55.1208,0
55.1263,6
55.1317,1
55.132,0
55.1321,7
55.1323,0
55.1377,6
55.1377,5
55.1379,3
55.1434,0
55.1488,8
55.1489,0
55.1544,2
55.1598,0
55.1599,15
55.1601,3
55.1655,0
55.171,4
55.1769,0
55.1771,13
55.1772,0
55.1829,5
55.183,0
55.1939,15
55.194,3
55.1998,0
55.2053,5
55.2108,0
55.2109,9
55.211,2
55.2112,0
55.2166,4
55.2167,0
55.2221,10
55.2222,6
55.233,1
55.2333,0
55.2388,14
55.2388,10
55.2391,3
55.2445,0
55.2554,13
55.2609,12
55.2664,9
55.2718,6
55.2831,5
55.2831,0
55.2994,7
55.2998,6
55.311,3
55.3171,0
55.3225,8
55.3226,1
55.3281,0
55.3335,9
55.3338,7
55.3393,5
55.3393,3
55.3505,0
55.3559,14
55.3559,11
55.3562,0
55.3616,14
55.3617,12
55.362,1
55.3621,0
55.373,9
55.3731,5
55.3843,0
55.3898,15
55.3898,14
55.3953,5
55.3954,0
55.4008,12
55.4011,11
55.4066,5
55.4067,0
55.4121,3
55.4122,0
55.4124,29
55.4127,0
55.4128,59
55.4134,0
55.4136,47
55.414,0
55.4142,245
55.4165,0
55.4166,29
55.4167,26
55.417,25
55.4231,17
55.4233,16
55.4287,13
55.4345,6
55.44,5
55.44,0
55.4402,15
55.4402,13
55.4566,11
55.4621,5
55.4622,0
55.4676,7
55.4677,4
55.4731,3
55.4786,1
55.4843,0
55.4952,4
55.4953,0
55.5007,12
55.5008,2
55.8634,0
55.8743,3
55.8744,0
55.8798,2
55.8798,0
55.8852,13
55.8854,3
55.8856,0
55.891,8
55.8913,4
55.9023,2
56.2425,0
56.5045,6
56.5046,0
56.51,2
56.51,0
56.5322,10
56.5326,2
56.5381,1
56.5438,0
56.5492,4
56.5493,3
56.6104,0
56.6162,7
56.6162,6
56.6218,1
56.6276,0
56.633,10
56.6331,6
56.6443,5
56.6501,4
56.6556,2
56.6611,0
56.6615,15
56.6616,12
56.6671,8
56.6835,5
56.6836,0
56.6945,4
56.6946,0
56.6948,7
56.6948,5
56.695,2
56.7005,0
56.7059,9
56.706,0
56.7114,11
56.7115,5
56.7118,3
56.7227,1
56.7945,0
56.8002,8
57.5049,7
57.5145,0
57.5199,5
57.52,0
57.5254,6
57.5442,5
57.5443,2
57.5613,0
57.5615,9
57.5615,8
57.5671,2
57.5725,1
57.5835,0
57.6336,13
57.7454,12
57.7509,9
57.7509,8
57.7564,7
57.8067,0
57.8121,8
57.8122,1
57.832,0
57.8374,15
57.8375,8
57.8571,5
57.8571,1
57.8869,0
57.8923,5
57.8927,0
57.8981,9
57.8982,3
57.9092,0
57.9146,12
57.9147,0
57.9202,2
57.9202,1
57.9257,0
57.9311,1
57.9425,0
57.9479,4
57.948,1
59.2202,0
59.2224,3
59.2224,1
59.2224,0
59.2278,10
59.2279,7
59.5318,4
59.5696,0
59.575,8
59.5814,7
59.5871,6
59.5925,5
59.5926,4
59.598,2
59.6094,0
59.6148,9
59.6149,0
59.6258,7
59.6259,0
59.6313,14
59.6317,6
59.6371,5
59.6372,3
59.6432,0
59.6486,7
59.6487,4
59.6597,0
59.676,12
59.6761,6
59.6764,5
59.7042,4
59.7097,2
59.7322,1
59.7326,0
59.738,12
59.7381,2
59.7491,0
59.7545,3
59.7546,0
59.771,6
59.7711,0
59.7765,11
59.7766,4
59.7824,0
59.7878,6
59.7878,4
59.8044,0
59.8098,7
59.8099,0
59.8153,11
59.8154,0
59.8209,9
59.821,0
59.8264,9
59.8264,8
59.8377,0
59.8431,5
59.8432,0
59.8486,12
59.8542,5
59.8542,1
59.8597,0
59.8651,1
59.8651,0
59.8705,15
59.8707,4
59.8709,0
59.9049,11
59.905,3
59.9105,0
59.9159,5
59.916,4
59.9162,0
59.9217,9
59.9271,8
59.9326,5
59.9327,0
59.9328,12
59.9329,10
59.9441,8
59.9496,5
59.9496,0
59.955,12
59.9552,0
59.9606,11
59.9607,3
59.9609,0
59.9611,15
59.9612,12
59.9888,7
59.9944,0
59.9998,10
59.9999,1
60.0054,0
60.0108,1
60.0109,0
60.011,6
60.0122,3
60.0177,0
60.0286,15
60.0287,4
60.0289,2
60.0344,0
60.0455,14
60.0456,7
60.0511,5
60.084,0
60.0895,11
60.0895,5
60.0898,4
60.0954,0
60.1008,12
60.1009,0
60.1063,3
60.1064,0
60.1119,1
60.118,0
60.1181,6
60.1234,0
60.1236,2
60.1236,0
60.1345,3
60.14,0
60.1402,8
60.1402,6
61.0066,0
61.0067,9
61.0068,6
61.0303,5
61.0304,0
61.0358,11
61.0685,4
61.0685,3
61.0843,0
61.1006,14
61.1133,13
61.1405,11
61.1743,8
61.1745,7
61.1859,5
61.1859,0
61.1913,2
61.1955,0
61.2009,4
61.201,0
61.2064,9
61.2344,5
61.2344,0
61.2399,13
61.2404,4
61.2792,0
61.2793,2
61.2794,0
61.2848,5
61.285,3
61.2905,2
61.296,0
61.3015,2
61.3076,0
61.3077,8
61.3186,4
61.3412,0
61.3467,15
61.3689,9
61.4194,5
61.4197,4
61.4363,0
61.4418,10
61.4421,9
61.4421,3
61.4476,0
61.4477,4
61.4478,0
61.4532,6
61.4692,0
61.4746,13
61.4758,9
61.4813,5
61.4813,3
61.4868,0
61.4922,14
61.5135,13
61.5753,9
61.5811,8
61.6695,5
61.6695,4
61.6753,3
61.6811,0
61.6865,2
61.6866,0
61.692,9
61.6975,7
61.7029,6
61.703,1
61.7084,0
61.7086,2
61.7086,0
61.714,12
61.7141,8
61.7143,3
61.8097,2
61.8097,0
61.8151,9
61.8152,7
61.8374,5
61.8375,2
61.8652,0
61.8706,12
61.8706,11
61.8708,8
61.8763,5
61.8763,1
61.8935,0
61.8992,9
61.8993,6
61.9158,4
61.9424,0
61.9532,2
61.9535,0
61.9589,14
61.9593,11
61.9984,10
61.9984,9
62.004,0
62.0094,7
62.0095,0
62.0149,13
62.015,0
62.0206,3
62.0207,0
62.0261,1
62.0262,0
62.0316,7
62.0317,1
62.0433,0
62.0487,3
62.0488,0
62.0542,9
62.0543,8
62.0992,6
62.1047,5
62.1102,4
62.1775,0
62.1829,8
62.183,0
62.1884,9
62.1943,0
62.1944,8
62.1945,6
62.1999,5
62.1999,4
62.2386,0
62.2388,8
62.2391,2
62.2783,0
62.2784,11
62.2785,10
62.3271,3
62.3492,0
62.3546,6
62.3547,4
62.3604,1
62.3604,0
62.3658,15
62.3662,8
62.3717,6
62.3719,3
62.3774,0
62.3828,9
62.383,0
62.3884,5
62.3884,2
62.4051,1
62.4105,0
62.4159,13
62.4161,0
62.4215,10
62.4215,8
62.4382,6
62.4439,5
62.4494,3
62.4549,0
62.4603,15
62.4604,11
62.4661,8
62.4716,5
62.4716,0
62.477,12
62.4774,8
62.4831,6
62.4886,5
62.4886,4
62.4947,0
63.1089,13
63.109,10
63.1091,0
63.1202,14
63.1204,4
63.1469,0
63.1523,7
63.1523,4
63.3359,0
63.3413,8
63.3414,0
63.3468,15
63.3469,13
63.4038,11
63.4093,8
63.4647,4
64.3511,0
64.4015,3
64.5082,0
64.5137,9
64.5137,7
64.5419,5
64.5419,3
64.5536,0
64.559,4
64.559,0
64.5645,12
64.5646,1
64.5756,0
64.5924,13
64.5925,7
64.5928,6
64.6146,5
64.6146,4
64.6425,0
64.6479,8
64.6488,7
64.649,0
64.6544,6
64.6545,2
64.666,0
64.6714,4
64.6715,0
64.6769,9
64.677,3
64.6941,0
64.6996,14
64.7112,10
64.7222,5
64.7277,0
64.7278,8
64.7279,4
64.7281,0
64.7681,15
64.7681,11
64.7736,7
64.7737,1
64.7849,0
64.7961,8
64.7962,2
64.7965,0
64.8019,3
64.802,0
64.8074,9
64.8075,6
64.8239,0
64.8293,13
64.8295,0
64.8349,4
64.835,0
64.8404,6
64.8408,0
64.8462,8
64.8463,1
64.8518,0
64.8572,3
64.8575,1
64.8684,0
64.8738,2
64.8739,0
64.8793,15
64.8794,11
64.8849,6
64.8849,1
64.8959,0
64.9013,4
64.9016,0
64.907,9
64.9072,0
64.9126,4
64.9126,0
64.9181,14
64.9182,4
64.9237,0
64.9291,5
64.9298,0
64.9352,4
64.9352,2
64.9469,0
64.9523,14
64.9524,11
64.9578,6
64.9582,4
64.9767,0
64.9822,1
64.9825,0
64.9827,11
64.9827,8
65.5231,0
65.5287,9
65.5288,6
65.54,5
65.5512,4
65.5512,2
65.5937,0
65.5991,15
65.5992,13
65.6084,5
65.6139,0
65.6194,5
65.6364,2
65.7398,0
65.7399,14
65.74,13
65.7834,8
65.7838,0
65.7892,2
65.8116,0
65.8118,1
65.8118,0
65.812,7
65.8179,1
66.2651,0
66.2986,4
67.0051,3
67.0106,0
67.0107,11
67.0216,5
67.0271,0
67.0325,13
67.0326,5
67.0328,4
67.033,0
67.0384,10
67.0387,0
67.0444,12
67.0558,11
67.0667,4
67.0722,0
67.0723,10
67.0725,0
67.0779,12
67.0833,8
67.0837,0
67.0891,10
67.0892,2
67.0894,0
67.0948,9
67.0949,6
67.1117,0
67.1288,12
67.1344,9
67.1406,0
67.1683,4
67.1684,3
67.1739,0
67.1793,2
67.1796,0
67.1797,9
67.1798,1
67.1798,0
67.1852,2
67.1853,0
67.1907,12
67.1908,2
67.191,0
67.2019,3
67.202,1
67.2074,0
67.2128,4
67.2132,3
67.2134,0
67.2188,6
67.2189,0
67.2243,14
67.2244,5
67.2299,0
67.2463,8
67.2464,0
67.2519,11
67.2521,10
67.2579,8
67.2689,6
67.2862,5
67.2917,2
67.2971,0
67.3026,10
67.3027,9
67.3029,4
67.3083,2
67.3085,0
67.3144,10
67.3199,2
67.3356,0
67.341,8
67.3411,0
67.3465,14
67.3466,5
67.3779,3
67.3892,2
67.3946,0
67.4164,2
67.4168,0
67.4222,12
67.4334,9
67.4336,4
67.4561,2
67.4618,0
67.4782,6
67.4783,4
67.484,3
67.4949,0
67.5003,8
68.0038,3
68.0052,0
68.0161,1
68.0162,0
68.0216,2
68.0216,0
68.027,4
68.0274,0
68.0328,6
68.0383,0
68.0437,5
68.0438,3
68.044,0
68.0494,2
68.0494,0
68.0551,6
68.0552,0
68.0553,15
68.0554,13
68.0556,12
68.0665,8
68.0778,0
68.0941,2
68.0942,0
68.1105,15
68.1161,0
68.1215,12
68.1217,0
68.1271,1
68.1271,0
68.1325,11
68.1329,9
68.1331,0
68.1386,14
68.1389,13
68.1444,5
68.1444,1
68.1499,0
68.1553,4
68.1554,0
68.1608,10
68.1608,9
68.1663,6
68.1664,0
68.1718,1
68.1718,0
68.1772,11
68.1776,6
68.1778,2
68.1833,1
68.1888,0
68.1997,10
68.1998,5
68.2061,0
68.2115,9
68.2116,0
68.217,1
68.2171,0
68.2225,11
68.2226,0
68.2281,3
68.2281,0
68.2335,8
68.2339,0
68.2393,9
68.2395,0
68.2449,13
68.245,0
68.2505,10
68.2559,6
68.256,1
68.2562,0
68.2563,13
68.2565,0
68.2619,10
68.262,0
68.2674,2
68.2675,0
68.2729,15
68.2731,0
68.2785,14
68.2787,0
68.2788,15
68.2789,10
68.2792,8
68.2794,5
68.285,2
68.2904,0
68.2958,8
68.296,0
68.3014,10
68.3124,5
68.3124,0
68.3178,10
68.318,0
68.3234,15
68.3234,14
68.329,12
68.3291,0
68.3345,15
68.3349,0
68.3403,11
68.3404,5
68.3514,0
68.3568,11
68.3569,0
68.3624,2
68.3624,0
68.3678,5
68.3679,2
68.3681,0
68.3735,1
68.3735,0
68.379,1
68.379,0
68.3844,5
68.3848,0
68.3956,11
68.3958,2
68.4012,0
68.4066,12
68.4068,2
68.4122,0
68.4176,1
68.4177,0
68.4231,13
68.4232,8
68.4288,0
68.4342,13
68.4343,0
68.4397,11
68.4402,0
68.4456,9
68.4463,6
68.4463,0
68.4517,15
68.4518,12
68.4573,8
68.4627,5
68.4628,0
68.4682,13
68.4738,5
68.4793,0
68.4847,10
68.485,7
68.4852,6
68.4961,5
68.4962,0
68.5016,6
68.5423,1
68.8375,0
68.8429,7
68.9433,2
69.0434,0
70.0511,4
70.0785,0
70.1062,12
70.1063,7
70.1292,4
70.1568,2
70.1678,0
70.1732,9
70.1848,0
70.1902,11
70.2012,5
70.2176,0
70.2287,1
70.2507,0
70.2561,5
70.262,3
70.2949,0
70.3225,5
70.3226,1
70.3395,0
70.3505,4
70.3562,3
70.3727,0
70.384,11
70.3841,10
70.3896,6
70.4115,5
70.4115,3
70.4281,0
70.4335,2
70.4336,0
70.439,3
70.4612,0
70.4614,2
70.5049,0
70.5107,3
70.5107,0
70.511,3
70.5111,0
70.5165,6
70.5166,0
70.522,13
70.5222,0
70.5276,2
70.5276,0
70.5331,12
70.5335,8
70.5337,0
70.5339,15
70.5339,14
70.5394,9
71.0044,8
71.0099,5
71.0099,0
71.0101,2
71.0101,0
71.0156,6
71.017,0
71.0172,5
71.0174,1
71.0229,0
71.023,12
71.0231,0
71.0285,6
71.0286,5
71.0341,2
71.0395,0
71.045,6
71.0453,1
71.0507,0
71.0563,15
71.0564,11
71.0619,5
71.062,0
71.0621,59
71.0676,54
71.0734,51
71.0789,50
71.0844,45
71.0899,38
71.0902,25
71.0903,12
71.0906,0
71.0907,18
71.0908,11
71.0911,0
71.0913,173
71.0916,139
71.0929,19
71.093,0
71.0932,24
71.0934,2
71.0936,0
71.0938,706
71.0982,227
71.0986,195
71.0986,192
71.1007,0
71.1008,593
71.101,580
71.1072,494
71.1132,438
71.1136,436
71.1229,5
71.123,0
71.1232,563
71.1246,408
71.1301,405
71.1411,394
71.1469,384
71.1524,379
71.1578,375
71.1634,363
71.1746,361
71.1802,349
71.1804,346
71.1859,339
71.1913,336
71.1969,321
71.2024,316
71.2027,314
71.2082,303
71.2084,301
71.214,287
71.2195,276
71.225,275
71.2305,270
71.236,263
71.2438,6
71.2438,0
71.244,83
71.2448,0
71.2449,54
71.2455,0
71.2456,771
71.2526,2
71.2529,0
71.253,1
71.2531,0
71.2585,7
71.2586,0
71.2642,12
71.2643,9
71.2697,8
71.2752,6
71.2752,0
71.2806,10
71.2807,8
71.2862,5
71.2862,4
71.2917,0
71.2971,15
71.2972,0
71.3027,10
71.303,0
71.3032,20
71.3034,0
71.3036,36
71.3042,0
71.3044,70
71.3051,0
71.3052,144
71.3066,0
71.3067,103
71.3077,0
71.3079,203
71.3083,154
71.3141,153
71.3196,147
71.3263,5
71.3264,0
71.3265,5
71.3266,0
71.332,9
71.3321,7
71.3375,6
71.3376,0
71.343,14
71.3431,11
71.3486,5
71.3486,0
71.3541,11
71.3544,0
71.3545,11
71.3546,7
71.3601,6
71.3655,4
71.371,0
71.3764,7
71.3768,5
71.3823,0
71.3877,2
71.3932,1
71.3986,0
71.3988,6
71.3989,0
71.4097,9
71.41,8
71.4102,5
71.4158,0
71.4212,6
71.4267,3
71.4269,0
71.427,5
71.4324,2
71.4378,0
71.4432,5
71.4433,0
71.4487,12
71.4489,0
71.4543,10
71.4547,4
71.4601,0
71.4656,7
71.471,5
71.4711,0
71.4712,8
71.4713,7
71.4767,5
71.4767,1
71.4825,0
71.4879,3
71.488,0
71.4988,8
71.4989,5
71.4991,0
71.5046,7
71.5719,5
71.5831,4
72.0042,0
72.0044,10
72.0044,8
72.092,0
72.1475,10
72.1477,0
72.1531,7
72.1594,0
72.1648,15
72.1652,10
72.171,2
72.1936,0
72.199,4
72.2001,1
72.239,0
72.2897,14
72.317,8
72.3173,6
72.3286,0
72.334,6
72.3341,1
72.3396,0
72.345,8
72.3451,0
72.3505,7
72.3946,1
72.4003,0
72.4058,7
72.4456,4
72.4774,1
72.6514,0
72.7109,1
72.7547,0
72.7659,14
72.766,8
72.7884,1
72.8051,0
72.816,11
72.8163,10
72.8329,5
72.8329,3
72.8609,0
72.8663,15
72.8664,13
72.9586,12
73.7733,0
73.7789,2
73.779,1
73.7901,0
74.5269,5
74.527,1
74.527,0
74.5379,8
74.538,0
74.5488,5
74.5492,4
74.7554,0
74.7612,6
74.7613,4
74.7833,3
74.9004,0
74.9058,4
74.9059,0
74.9113,12
74.9114,3
74.9335,0
74.9389,11
74.939,5
74.9393,0
74.9447,11
74.9449,0
74.9503,10
74.9616,4
74.9671,0
74.9672,9
74.9674,0
74.9728,3
74.9728,0
74.9782,5
76.0309,0
76.0487,4
76.0487,1
76.0764,0
76.1206,2
76.1209,0
76.1373,2
76.1373,0
76.1427,8
76.1428,6
76.1711,5
76.1711,3
76.1935,0
76.199,10
76.2494,9
76.3664,8
76.3722,6
76.3886,4
76.3941,3
76.4112,0
77.5041,10
77.5042,6
77.5054,0
77.5109,5
78.004,0
78.0056,10
78.011,0
78.0164,8
78.0165,0
78.0167,8
78.0168,0
78.0222,10
78.0223,0
78.0277,3
78.0278,1
78.028,0
78.0334,2
78.0335,0
78.0389,1
78.0389,0
78.0446,13
78.0447,6
78.0449,0
78.0504,8
78.0505,0
78.0506,15
78.051,9
78.0513,0
78.0567,3
78.0567,0
78.0621,9
78.0625,8
78.0679,5
78.068,0
78.0735,8
78.0743,0
78.0744,2
78.0745,0
78.0799,3
78.08,0
78.0854,10
78.0855,0
78.0909,10
78.0911,0
78.0965,13
78.0966,0
78.102,11
78.1022,0
78.1076,6
78.1077,0
78.1131,4
78.1135,0
78.1189,15
78.119,14
78.1192,8
78.1247,5
78.1247,0
78.1249,10
78.125,4
78.1359,2
78.1414,0
78.1468,8
78.1469,0
78.1523,8
78.1524,0
78.1578,12
78.158,0
78.1634,4
78.1634,0
78.1689,12
78.1692,6
78.1747,5
78.1747,4
78.1802,0
78.1856,13
78.1856,11
78.1911,9
78.1966,5
78.1966,0
78.202,2
78.2021,0
78.2075,14
78.2076,12
78.2134,0
78.2188,14
78.2188,13
78.2244,5
78.2244,4
78.2299,0
78.2353,1
78.2408,0
78.2462,11
78.2464,0
78.2518,3
78.2518,1
78.252,0
78.2574,5
78.2575,0
78.2629,14
78.2688,2
78.2689,0
78.2744,15
78.2744,14
78.2799,5
78.28,1
78.2909,0
78.2963,14
78.2964,2
78.3019,0
78.3074,3
78.3128,0
78.3186,5
78.3187,0
78.3242,15
78.3243,6
78.3246,0
78.3247,11
78.3248,7
78.3302,5
78.3303,0
78.3412,3
78.3413,0
78.3521,9
78.3522,7
78.3576,5
78.3577,0
78.3631,12
78.369,4
78.369,1
78.3694,0
78.3748,5
78.3749,0
78.3803,13
78.3804,0
78.3858,6
78.3859,0
78.3913,13
78.3915,0
78.3969,10
78.397,0
78.4024,14
78.4026,0
78.408,6
78.4081,2
78.4136,0
78.419,3
78.4194,0
78.4248,13
78.4249,11
78.4303,5
78.4304,4
78.4359,0
78.4413,3
78.4414,0
78.4468,6
78.4469,4
78.4471,0
78.4528,14
78.4529,1
78.4531,0
78.4532,5
78.4547,1
78.4602,0
78.4656,11
78.4657,0
78.4713,11
78.4714,5
78.4714,2
78.4717,1
78.4772,0
78.4826,7
78.4827,0
78.4881,3
78.4882,0
78.4936,3
78.4937,0
78.4991,4
78.4992,0
78.5046,10
79.1888,8
79.5,6
79.5074,3
79.5129,0
79.5183,5
79.5688,0
79.5742,15
79.5911,13
79.6465,7
79.6691,4
79.675,2
79.6752,0
79.6806,8
79.6807,2
79.6974,1
79.8434,0
79.9328,7
79.9445,5
79.9445,4
79.95,0
79.9554,10
79.9783,9
80.04,6
80.0455,4
80.1918,1
80.2156,0
80.221,7
80.2487,6
80.4658,0
80.4712,2
80.4713,0
80.4767,6
80.4768,4
80.488,2
81.019,0
81.0244,14
81.0413,13
81.0474,10
81.0476,9
81.0476,8
81.0976,6
81.1031,0
81.1086,3
81.1088,2
81.159,0
81.1591,11
81.1756,10
81.1922,3
81.2035,2
81.2534,0
81.2643,3
81.2698,0
81.27,4
81.2809,2
81.3036,0
81.309,5
81.3091,0
81.3145,8
81.3147,7
81.3149,5
81.3426,4
81.3481,0
81.3537,9
81.3538,0
81.3924,11
81.3925,5
81.3928,4
81.393,0
81.4098,5
81.421,4
81.4212,0
81.4446,7
81.4454,6
81.4454,5
81.4668,4
81.5087,0
81.5088,2
81.5089,0
81.5143,14
81.5144,3
81.7973,1
81.8137,0
81.8246,6
81.8247,0
81.8304,10
81.8305,6
81.8307,0
82.0249,4
82.1028,3
82.1083,2
82.1083,0
82.1137,3
82.5196,0
82.525,13
82.5251,7
82.5306,0
82.5696,6
82.6562,5
82.6617,0
82.6672,15
82.6673,4
82.6912,1
82.6967,0
82.7021,7
82.7584,1
82.7644,0
82.7698,14
82.9089,12
82.9201,9
82.9256,8
82.953,6
82.953,3
82.9587,0
82.9641,5
82.9696,4
82.9863,0
82.9917,4
83.1054,2
83.5414,0
83.5474,12
83.5475,9
83.5529,5
83.5533,0
83.5587,7
83.5587,6
83.5589,4
83.5699,0
83.5754,12
83.5755,4
83.5967,3
83.6022,0
83.6076,11
83.6078,6
83.6081,2
83.6081,1
83.6691,0
83.675,8
83.6975,0
83.703,5
83.7199,4
83.7532,0
83.7586,15
83.7587,9
83.7648,7
83.8091,6
83.8146,0
83.82,11
83.8201,5
83.8203,0
83.8257,6
83.8315,0
83.8424,7
83.8424,1
83.8428,0
83.8482,1
83.8482,0
83.8536,14
83.8537,10
83.8648,5
83.8648,0
83.8704,8
83.8708,3
83.8762,0
83.8816,8
83.9207,1
83.9209,0
83.9263,12
83.9264,8
83.9319,5
83.9319,0
83.9373,10
83.9374,7
83.9428,5
83.9429,0
83.9483,6
83.9487,5
83.9542,0
83.9596,12
83.9597,8
83.9651,5
83.9709,0
83.9763,4
83.9764,2
83.9766,0
83.9874,9
83.9876,0
83.993,12
83.993,9
83.9985,6
83.9986,0
84.004,15
84.0046,3
84.0101,0
84.0102,4
84.0103,2
84.0157,0
84.0211,5
84.0212,3
84.0267,0
84.0321,2
84.0321,0
84.0375,1
84.0376,0
84.043,9
84.0431,0
84.0485,4
84.0489,0
84.0598,5
84.0599,0
84.0653,13
84.0654,7
84.0708,5
84.0709,0
84.0763,6
84.0764,0
84.0818,15
84.0822,10
84.0877,6
84.0877,0
84.0931,3
84.0932,0
84.0986,6
84.0987,3
84.0989,0
84.1043,9
84.1046,6
84.1101,5
84.1101,0
84.1156,1
84.1158,0
84.1215,23
84.1217,12
84.1219,2
84.1274,0
84.1275,15
84.1276,9
84.1387,7
84.1389,0
84.1443,6
84.1504,0
84.1558,1
84.1896,0
84.2008,15
84.2009,10
84.2785,6
84.2786,0
84.284,10
84.2841,0
84.2895,8
84.2904,0
84.2959,8
84.2959,6
84.3014,3
84.3017,1
84.3075,0
84.313,8
84.3135,0
84.3191,5
84.3191,4
84.3864,0
84.3918,4
84.3921,1
84.3976,0
84.4032,15
84.4036,7
84.4038,1
84.4759,0
84.4813,15
84.4814,12
84.4872,4
84.4981,1
84.5036,0
84.509,6
84.5091,3
84.5145,0
84.5203,12
84.5203,10
84.5205,0
84.5259,3
84.526,0
84.537,12
84.5371,10
84.5536,7
84.5623,4
84.5681,2
84.5682,0
84.5684,5
84.5685,0
84.5739,6
84.574,2
84.624,0
84.6349,5
84.6349,4
84.6404,2
84.6407,0
84.6462,2
84.6516,1
84.6517,0
84.6518,11
84.6519,9
84.6622,5
84.6623,0
84.6677,7
84.6678,0
84.6732,10
84.6733,8
84.6802,5
84.6802,4
84.6858,0
84.6912,7
84.6915,2
84.697,0
84.7024,14
84.7025,10
84.7358,0
84.7412,1
84.7413,0
84.7467,5
84.7467,4
84.7801,2
84.7858,1
84.7972,0
84.8026,5
84.8026,4
84.808,0
84.8135,12
84.8136,0
84.819,1
84.8252,0
84.8306,8
84.8307,0
84.8361,4
84.8361,2
84.8363,0
84.8417,7
84.8418,1
84.8676,0
84.873,7
84.8731,3
84.8952,0
84.9006,9
84.9231,0
84.9285,7
84.9285,5
84.9395,3
84.9396,0
84.9451,2
84.9451,0
84.9505,12
84.9507,1
84.9729,0
84.9783,13
84.9841,12
84.9899,9
84.9901,0
84.9955,7
84.9956,2
84.9958,0
85.0012,9
85.5019,8
85.5687,7
85.5799,5
85.58,0
85.5854,9
85.5857,8
85.5913,1
85.5967,0
85.5969,13
85.6192,11
85.6359,9
85.8987,3
85.9159,1
85.9433,0
85.9487,15
85.949,13
86.0212,6
86.0213,4
86.2165,2
86.2277,1
86.2277,0
86.2331,4
86.2332,0
86.2386,12
86.2387,5
86.3227,3
86.3282,0
86.3394,13
86.356,6
86.54,0
86.5738,13
86.574,0
86.5794,10
86.5794,9
86.6124,7
86.6125,0
86.6179,12
86.618,11
86.6234,9
86.832,8
86.8659,3
87.053,0
87.0584,10
87.0646,9
87.0759,0
87.0813,13
87.0815,1
87.087,0
87.0924,15
87.0925,8
87.098,2
87.1148,0
87.1202,4
87.1203,0
87.1257,5
87.1258,0
87.1313,1
87.1367,0
87.1368,9
87.2433,6
87.249,5
87.3329,0
87.3383,6
87.3383,2
87.3492,0
87.3547,15
87.355,13
87.5049,12
87.5222,1
87.5726,0
87.578,1
87.578,0
87.5834,12
87.5836,2
87.6118,0
87.6172,11
87.6512,6
87.6845,5
87.6845,4
87.7394,0
87.8589,2
87.8589,0
87.8643,1
87.8644,0
87.8698,3
87.8699,0
87.8753,5
87.9254,0
87.9308,9
87.9705,5
87.9705,4
87.976,0
87.9761,8
87.9762,4
89.3244,3
89.513,0
89.5186,6
89.5187,0
89.5242,13
89.6132,9
89.6242,0
89.6298,7
89.7051,5
89.7175,0
89.7177,15
89.7178,0
89.7232,9
89.7233,6
89.7288,5
89.7444,0
89.7501,7
89.761,0
89.7665,2
89.7665,0
89.7719,13
89.8507,11
89.8509,6
89.8616,5
89.8617,0
89.8671,9
89.8672,3
89.8727,0
89.8781,11
89.8782,3
89.906,1
90.0877,0
90.0931,13
90.0938,12
90.1224,7
90.3371,4
90.3613,0
90.4284,3
90.4285,0
90.4339,2
90.4563,0
90.4617,3
90.4782,0
90.4836,14
91.1848,9
91.2451,5
91.2452,2
91.7358,0
91.7416,15
92.5503,11
92.5558,8
92.5613,2
92.5614,0
92.5668,3
92.5669,0
92.6226,14
92.6227,6
92.835,0
92.8352,15
92.8353,8
92.8407,5
92.8408,0
92.8462,8
92.8463,3
92.8465,0
92.8519,15
92.852,8
92.8575,0
92.8629,8
92.863,0
92.8684,1
92.8685,0
92.8739,3
92.8739,0
92.8793,9
92.8794,7
92.8853,0
92.8907,5
92.8908,0
92.9185,5
92.9186,0
92.924,5
92.924,3
92.9295,0
92.9349,14
92.935,10
92.9405,6
92.9405,3
92.946,2
92.9515,0
92.9569,3
92.9624,0
92.9625,15
92.9627,13
92.9627,8
93.0077,5
93.0077,1
93.0795,0
93.0796,5
93.0961,0
93.1015,2
93.1019,1
93.1392,0
93.1446,5
93.1461,2
93.1851,1
93.191,0
93.1964,5
93.1965,0
93.2019,8
93.202,0
93.2074,10
93.252,9
93.2642,3
93.3269,0
93.3323,12
93.3325,1
93.3436,0
93.349,5
93.3513,3
93.4645,0
93.4699,2
93.4752,1
93.4978,0
93.5484,6
93.5707,3
93.6536,2
93.8203,0
93.826,2
93.826,0
93.8314,10
93.898,8
93.9815,6
93.9981,5
94.0036,0
94.009,4
94.0091,0
94.0145,6
94.0146,0
94.0255,9
94.0256,0
94.031,8
94.0311,0
94.0365,3
94.0369,0
94.0478,12
94.0479,0
94.0534,13
94.0588,12
94.0756,11
94.0811,5
94.0811,1
94.0868,0
94.087,6
94.0871,0
94.0925,15
94.0926,8
94.098,5
94.1035,0
94.1089,15
94.109,13
94.1145,8
94.12,5
94.12,0
94.1254,14
94.1256,1
94.131,0
94.1419,14
94.1422,12
94.1477,8
94.1532,5
94.1532,0
94.1586,12
94.1587,11
94.1641,8
94.1696,6
94.175,5
94.1751,3
94.1805,0
94.1859,15
94.186,9
94.1919,5
94.1919,1
94.7664,0
94.7718,2
94.7721,1
94.7721,0
94.7775,10
94.8002,2
94.8057,0
94.8111,14
94.8401,12
94.8455,10
94.9064,7
94.951,6
95.1659,0
95.1713,10
95.2689,6
95.4504,5
95.4559,3
95.4559,0
95.4614,2
95.4668,0
95.467,9
95.467,6
95.4673,1
95.4673,0
95.4727,15
95.4731,10
95.4841,0
95.4895,15
95.4896,9
95.4899,0
95.5007,14
95.7403,13
95.7406,11
95.8793,0
96.1387,16
96.1834,13
96.2443,11
96.2609,7
96.261,5
96.3001,4
96.5743,0
97.0047,11
97.0049,1
97.0371,0
97.0426,6
97.0427,0
97.0481,10
97.0482,4
97.0645,0
97.0699,4
97.07,0
97.0754,1
97.0755,0
97.0809,1
97.0809,0
97.0863,8
97.0864,0
97.0918,14
97.0922,8
97.1424,3
97.1427,2
97.1534,0
97.1588,14
97.1589,7
97.1592,6
97.1774,3
97.1775,1
97.1777,0
97.1831,10
97.1832,0
97.1886,9
97.2174,4
97.223,2
97.223,0
97.2396,4
97.2506,0
97.256,15
97.2561,5
97.2851,1
97.2853,0
97.2908,7
97.3186,5
97.3296,0
97.335,2
97.3351,1
97.3405,0
97.346,11
97.3461,0
97.3463,7
97.3464,0
97.3572,6
97.3573,0
97.3627,7
97.3629,0
97.3683,12
97.3684,6
97.3687,4
97.3819,0
97.3985,10
97.3986,4
97.4051,2
97.4215,1
97.4218,0
97.4272,15
97.4273,7
97.4328,6
97.4328,0
97.4382,12
97.4384,0
97.4438,6
97.444,0
97.4496,6
97.4497,0
97.4551,9
97.4552,7
97.472,4
97.4775,0
97.4829,4
97.4943,0
97.4997,13
97.4998,7
97.5001,5
97.5061,0
97.5116,7
97.5117,5
97.5119,3
97.5174,0
97.5175,13
97.5176,11
97.5839,6
97.6352,5
97.7247,4
97.7587,0
97.7588,7
97.7589,5
98.0398,0
98.0461,11
98.0462,2
98.2405,0
98.2459,12
98.246,6
98.2515,5
98.257,0
98.2572,8
98.2573,3
98.2628,0
98.2629,13
98.2692,12
98.2693,4
98.3638,0
98.3916,13
98.3917,6
98.3973,0
98.4027,13
98.4027,11
99.0098,0
99.0153,8
99.0153,5
99.0706,0
99.0763,1
99.0764,0
99.0818,1
99.0818,0
99.0872,10
99.0874,0
99.0928,12
99.0983,6
99.0984,0
99.0985,11
99.0987,0
99.1041,3
99.1041,0
99.1096,9
99.1097,0
99.1151,14
99.1153,0
99.1207,15
99.1211,8
99.1213,0
99.1268,10
99.1269,4
99.1271,0
99.1829,2
99.1829,0
99.1883,8
99.1884,4
99.2442,0
99.2497,12
99.2497,11
99.4104,0
99.4158,1
99.445,0
99.4504,4
99.4837,0
99.4895,5
99.4897,0
99.4951,13
99.4953,0
99.5007,11
99.5572,10
99.6293,9
99.6349,6
99.6349,5
99.8206,0
99.8315,5
100.015,1
100.015,0
100.026,7
100.032,6
100.032,0
100.037,1
100.054,0
100.059,14
100.059,9
100.07,6
100.07,0
100.071,8
100.081,3
100.082,1
100.093,0
100.093,5
100.093,0
100.099,10
100.132,9
100.137,1
100.154,0
100.154,8
100.154,4
100.309,0
100.315,10
100.411,8
100.462,1
100.473,0
100.478,15
100.506,7
100.512,5
100.512,0
100.517,14
100.523,13
100.639,11
100.673,5
100.673,3
100.696,1
100.701,0
100.706,12
100.706,5
100.789,1
101.501,0
101.588,8
101.588,3
101.593,2
101.599,1
101.665,0
101.671,5
101.688,4
101.694,2
101.71,1
101.755,0
101.849,14
101.849,11
101.966,8
101.972,7
101.989,0
101.994,3
102,0
102.352,14
102.352,11
102.773,0
102.778,11
102.834,8
102.923,5
103.14,2
103.196,1
103.207,0
103.212,4
103.97,0
103.987,4
104.266,1
104.744,0
104.744,10
104.744,9
104.768,8
104.819,0
104.83,7
104.83,1
104.852,0
104.858,11
104.858,7
104.858,0
104.863,13
104.863,10
104.869,0
104.875,2
104.875,0
104.88,9
104.992,8
105.045,0
105.078,2
105.078,0
105.083,5
105.084,0
105.089,5
105.089,0
105.094,14
105.095,1
105.1,0
105.144,1
105.144,0
105.15,12
105.15,6
105.15,5
105.155,0
105.161,13
105.161,4
105.227,0
105.233,5
105.233,0
105.238,6
105.238,0
105.244,12
105.244,6
105.244,5
105.327,0
105.333,6
105.333,0
105.338,5
105.338,0
105.344,8
105.344,0
105.394,11
105.394,0
105.399,15
105.399,2
105.45,0
105.455,12
105.455,0
105.46,8
105.461,0
105.466,12
105.466,2
105.472,0
105.482,5
105.483,0
105.488,15
105.488,6
105.93,1
106.083,0
106.089,11
106.163,3
106.512,0
106.518,8
106.518,0
106.523,7
106.523,5
106.529,0
106.534,6
106.535,5
106.626,3
106.753,0
107.028,1
107.028,0
107.039,9
107.039,2
107.056,0
107.061,6
107.061,0
107.072,4
107.072,1
107.089,0
107.094,1
107.094,0
107.1,13
107.133,6
107.133,0
107.15,2
107.15,0
107.155,11
107.155,9
107.183,0
107.188,11
107.188,9
107.199,5
107.199,0
107.205,2
107.305,0
107.305,4
107.305,0
107.349,12
107.35,1
107.355,0
107.36,9
107.361,2
107.372,0
107.377,14
107.377,0
107.393,15
107.394,5
107.421,0
107.427,4
107.427,0
107.427,15
107.427,14
107.455,4
107.477,0
107.482,15
107.482,10
107.499,5
107.499,0
107.504,12
107.738,9
107.75,7
108.071,6
108.076,0
108.082,7
108.25,5
108.289,0
108.289,4
108.289,3
108.351,0
108.356,15
108.362,11
108.362,6
108.367,0
108.373,8
108.373,0
108.378,6
108.378,0
108.384,8
108.384,0
108.389,13
108.39,0
108.395,1
108.777,0
108.783,2
109.514,0
109.516,14
109.521,13
109.543,12
109.548,7
109.548,6
109.549,5
109.554,0
109.56,9
109.56,3
109.57,0
109.576,5
109.582,0
109.587,6
109.587,0
109.587,22
109.593,11
109.62,10
109.621,6
109.626,5
109.626,0
109.627,11
109.627,8
109.632,6
109.638,5
109.638,0
109.643,3
109.643,0
109.654,2
109.654,0
109.665,13
109.665,10
109.671,2
109.694,1
109.699,0
109.705,7
109.705,0
109.721,12
109.721,5
109.727,3
109.733,0
109.749,1
109.749,0
109.754,4
109.755,2
109.777,0
109.788,5
109.788,0
109.793,4
109.793,0
109.799,7
109.799,4
109.805,2
109.811,1
109.817,0
109.822,11
109.822,8
109.845,4
109.85,0
109.856,12
109.856,2
109.862,0
109.867,14
109.868,0
109.868,23
109.868,17
109.868,0
109.874,3
109.874,0
109.879,7
109.879,5
109.88,0
109.885,4
109.885,3
109.891,0
109.896,6
109.897,1
109.902,0
109.907,11
109.908,7
109.913,0
109.919,2
109.919,1
109.919,0
109.924,13
109.924,8
109.93,4
109.935,3
109.958,0
109.964,8
109.964,5
109.969,0
109.975,14
109.975,6
109.975,5
109.992,3
109.997,0
