Node,CST,Tx power,IP address,x,y,z
0,-82,23,10.1.1.1,6.60734,7.20681,1.5
1,-82,15,10.1.1.2,4.1689,2.93441,1.5
2,-82,23,10.1.2.1,15.1109,9.02856,1.5
3,-82,15,10.1.2.2,16.4705,3.29978,1.5
4,-82,23,10.1.3.1,26.0309,4.5676,1.5
5,-82,15,10.1.3.2,26.4921,3.05435,1.5
6,-82,23,10.1.4.1,36.2392,3.28492,1.5
7,-82,15,10.1.4.2,33.1164,1.72151,1.5
8,-82,23,10.1.5.1,46.635,7.84704,1.5
9,-82,15,10.1.5.2,49.8113,8.14825,1.5
10,-82,23,10.1.6.1,56.0985,0.664084,1.5
11,-82,15,10.1.6.2,51.7742,2.0515,1.5
12,-82,23,10.1.7.1,63.9268,1.78956,1.5
13,-82,15,10.1.7.2,67.0693,6.88841,1.5
14,-82,23,10.1.8.1,76.6476,3.32234,1.5
15,-82,15,10.1.8.2,77.8113,2.38093,1.5
16,-82,23,10.1.9.1,85.273,5.22926,1.5
17,-82,15,10.1.9.2,88.6597,4.86988,1.5
18,-82,23,10.1.10.1,98.7793,0.504838,1.5
19,-82,15,10.1.10.2,98.0292,7.00127,1.5
20,-82,23,10.1.11.1,8.03726,18.228,1.5
21,-82,15,10.1.11.2,7.12884,10.439,1.5
22,-82,23,10.1.12.1,10.0969,16.4803,1.5
23,-82,15,10.1.12.2,14.5161,10.1512,1.5
24,-82,23,10.1.13.1,21.4744,19.5277,1.5
25,-82,15,10.1.13.2,20.57,19.3304,1.5
26,-82,23,10.1.14.1,31.6934,10.6341,1.5
27,-82,15,10.1.14.2,31.6066,15.7707,1.5
28,-82,23,10.1.15.1,43.1982,16.1123,1.5
29,-82,15,10.1.15.2,43.1359,11.7743,1.5
30,-82,23,10.1.16.1,54.6619,17.7859,1.5
31,-82,15,10.1.16.2,52.6585,12.901,1.5
32,-82,23,10.1.17.1,64.6386,12.0419,1.5
33,-82,15,10.1.17.2,69.649,19.8215,1.5
34,-82,23,10.1.18.1,75.003,10.9564,1.5
35,-82,15,10.1.18.2,78.7288,10.3237,1.5
36,-82,23,10.1.19.1,84.5572,11.188,1.5
37,-82,15,10.1.19.2,84.9075,19.2269,1.5
38,-82,23,10.1.20.1,90.7736,17.1052,1.5
39,-82,15,10.1.20.2,95.1317,15.8787,1.5
Node,CST,Tx power,IP address,x,y,z
0,-82,23,10.1.1.1,1.23158,1.8647,1.5
1,-82,15,10.1.1.2,7.96174,8.71649,1.5
2,-82,23,10.1.2.1,11.755,5.91755,1.5
3,-82,15,10.1.2.2,17.1075,8.03425,1.5
4,-82,23,10.1.3.1,28.4842,4.92066,1.5
5,-82,15,10.1.3.2,27.0527,8.79255,1.5
6,-82,23,10.1.4.1,31.8243,3.29692,1.5
7,-82,15,10.1.4.2,33.347,6.46142,1.5
8,-82,23,10.1.5.1,42.7115,1.69883,1.5
9,-82,15,10.1.5.2,49.2463,1.74815,1.5
10,-82,23,10.1.6.1,50.9694,5.64627,1.5
11,-82,15,10.1.6.2,51.7124,6.94845,1.5
12,-82,23,10.1.7.1,67.1588,7.66684,1.5
13,-82,15,10.1.7.2,61.9588,5.93239,1.5
14,-82,23,10.1.8.1,75.4402,0.357488,1.5
15,-82,15,10.1.8.2,72.868,1.60482,1.5
16,-82,23,10.1.9.1,85.266,0.783916,1.5
17,-82,15,10.1.9.2,80.7543,1.01686,1.5
18,-82,23,10.1.10.1,93.0673,8.39192,1.5
19,-82,15,10.1.10.2,99.3978,3.31521,1.5
20,-82,23,10.1.11.1,4.56651,18.413,1.5
21,-82,15,10.1.11.2,9.27171,19.896,1.5
22,-82,23,10.1.12.1,15.4395,12.4007,1.5
23,-82,15,10.1.12.2,16.5339,13.5472,1.5
24,-82,23,10.1.13.1,23.7902,15.3782,1.5
25,-82,15,10.1.13.2,23.4585,16.0789,1.5
26,-82,23,10.1.14.1,35.5228,11.4474,1.5
27,-82,15,10.1.14.2,31.7829,11.8019,1.5
28,-82,23,10.1.15.1,49.5763,11.8364,1.5
29,-82,15,10.1.15.2,45.5025,15.3047,1.5
30,-82,23,10.1.16.1,59.4846,13.394,1.5
31,-82,15,10.1.16.2,58.3066,18.1849,1.5
32,-82,23,10.1.17.1,69.3173,12.2656,1.5
33,-82,15,10.1.17.2,66.2639,12.8606,1.5
34,-82,23,10.1.18.1,74.4378,11.0738,1.5
35,-82,15,10.1.18.2,75.5727,19.7579,1.5
36,-82,23,10.1.19.1,85.1038,15.8096,1.5
37,-82,15,10.1.19.2,80.592,17.3428,1.5
38,-82,23,10.1.20.1,94.2396,14.2734,1.5
39,-82,15,10.1.20.2,99.9293,10.5177,1.5
Node,CST,Tx power,IP address,x,y,z
0,-82,23,10.1.1.1,7.3927,2.17798,1.5
1,-82,15,10.1.1.2,1.22708,1.60541,1.5
2,-82,23,10.1.2.1,15.4635,2.79912,1.5
3,-82,15,10.1.2.2,17.9064,1.93621,1.5
4,-82,23,10.1.3.1,21.6501,7.12345,1.5
5,-82,15,10.1.3.2,25.1411,6.39581,1.5
6,-82,23,10.1.4.1,33.2286,4.44167,1.5
7,-82,15,10.1.4.2,35.1289,7.07449,1.5
8,-82,23,10.1.5.1,47.0665,4.86265,1.5
9,-82,15,10.1.5.2,49.9939,0.630663,1.5
10,-82,23,10.1.6.1,53.406,2.3092,1.5
11,-82,15,10.1.6.2,58.4215,4.97503,1.5
12,-82,23,10.1.7.1,66.0383,0.787852,1.5
13,-82,15,10.1.7.2,63.4512,5.34329,1.5
14,-82,23,10.1.8.1,71.0452,9.20078,1.5
15,-82,15,10.1.8.2,79.2014,4.8035,1.5
16,-82,23,10.1.9.1,80.7038,4.5519,1.5
17,-82,15,10.1.9.2,83.6594,4.35476,1.5
18,-82,23,10.1.10.1,97.0708,0.0584616,1.5
19,-82,15,10.1.10.2,94.0175,4.01736,1.5
20,-82,23,10.1.11.1,9.50906,10.0116,1.5
21,-82,15,10.1.11.2,4.36194,17.5941,1.5
22,-82,23,10.1.12.1,19.4162,18.5461,1.5
23,-82,15,10.1.12.2,17.1431,14.8019,1.5
24,-82,23,10.1.13.1,21.6065,16.2564,1.5
25,-82,15,10.1.13.2,26.55,10.7199,1.5
26,-82,23,10.1.14.1,39.7677,11.538,1.5
27,-82,15,10.1.14.2,31.6579,11.1522,1.5
28,-82,23,10.1.15.1,48.1556,16.2729,1.5
29,-82,15,10.1.15.2,41.0893,11.9786,1.5
30,-82,23,10.1.16.1,54.5023,14.3475,1.5
31,-82,15,10.1.16.2,57.8836,15.4508,1.5
32,-82,23,10.1.17.1,63.4839,11.0735,1.5
33,-82,15,10.1.17.2,64.2684,14.7772,1.5
34,-82,23,10.1.18.1,78.7424,15.6059,1.5
35,-82,15,10.1.18.2,71.5214,10.0308,1.5
36,-82,23,10.1.19.1,89.1707,10.7591,1.5
37,-82,15,10.1.19.2,80.8106,17.2416,1.5
38,-82,23,10.1.20.1,96.7607,11.6233,1.5
39,-82,15,10.1.20.2,95.0708,11.8417,1.5
Node,CST,Tx power,IP address,x,y,z
0,-82,23,10.1.1.1,6.82004,6.00263,1.5
1,-82,15,10.1.1.2,6.89851,4.72854,1.5
2,-82,23,10.1.2.1,14.3332,9.64232,1.5
3,-82,15,10.1.2.2,18.4632,9.23568,1.5
4,-82,23,10.1.3.1,24.4325,3.74038,1.5
5,-82,15,10.1.3.2,22.957,3.43455,1.5
6,-82,23,10.1.4.1,33.6145,7.87433,1.5
7,-82,15,10.1.4.2,39.7649,0.890082,1.5
8,-82,23,10.1.5.1,43.927,1.54736,1.5
9,-82,15,10.1.5.2,42.5654,4.93576,1.5
10,-82,23,10.1.6.1,57.6065,5.34438,1.5
11,-82,15,10.1.6.2,58.7059,0.190716,1.5
12,-82,23,10.1.7.1,61.4992,5.50611,1.5
13,-82,15,10.1.7.2,60.6374,6.97891,1.5
14,-82,23,10.1.8.1,70.1002,2.75687,1.5
15,-82,15,10.1.8.2,71.9552,2.78732,1.5
16,-82,23,10.1.9.1,82.4739,5.8379,1.5
17,-82,15,10.1.9.2,81.185,0.32858,1.5
18,-82,23,10.1.10.1,97.1628,6.83498,1.5
19,-82,15,10.1.10.2,90.7446,7.65494,1.5
20,-82,23,10.1.11.1,4.26695,12.4624,1.5
21,-82,15,10.1.11.2,0.639371,12.8231,1.5
22,-82,23,10.1.12.1,17.5148,18.8627,1.5
23,-82,15,10.1.12.2,16.5936,15.3566,1.5
24,-82,23,10.1.13.1,26.5284,18.4041,1.5
25,-82,15,10.1.13.2,24.5713,14.5993,1.5
26,-82,23,10.1.14.1,37.8492,17.7627,1.5
27,-82,15,10.1.14.2,33.9186,14.1828,1.5
28,-82,23,10.1.15.1,41.2227,17.6704,1.5
29,-82,15,10.1.15.2,49.8261,12.791,1.5
30,-82,23,10.1.16.1,59.8814,13.2104,1.5
31,-82,15,10.1.16.2,59.1888,12.4116,1.5
32,-82,23,10.1.17.1,66.4045,12.6763,1.5
33,-82,15,10.1.17.2,60.9903,14.0915,1.5
34,-82,23,10.1.18.1,71.1554,11.6212,1.5
35,-82,15,10.1.18.2,73.418,15.2092,1.5
36,-82,23,10.1.19.1,85.7468,17.5237,1.5
37,-82,15,10.1.19.2,84.2688,16.5052,1.5
38,-82,23,10.1.20.1,94.326,15.9863,1.5
39,-82,15,10.1.20.2,93.2574,10.354,1.5
Node,CST,Tx power,IP address,x,y,z
0,-82,23,10.1.1.1,7.57722,1.60815,1.5
1,-82,15,10.1.1.2,6.5826,4.54845,1.5
2,-82,23,10.1.2.1,10.4536,8.85274,1.5
3,-82,15,10.1.2.2,10.3994,8.19409,1.5
4,-82,23,10.1.3.1,26.513,6.67098,1.5
5,-82,15,10.1.3.2,29.2569,0.0647597,1.5
6,-82,23,10.1.4.1,34.7035,3.0936,1.5
7,-82,15,10.1.4.2,37.1102,3.38027,1.5
8,-82,23,10.1.5.1,40.2114,9.32495,1.5
9,-82,15,10.1.5.2,40.1882,1.79317,1.5
10,-82,23,10.1.6.1,50.4694,6.08032,1.5
11,-82,15,10.1.6.2,56.9843,2.00134,1.5
12,-82,23,10.1.7.1,66.7622,9.46409,1.5
13,-82,15,10.1.7.2,67.2132,9.67572,1.5
14,-82,23,10.1.8.1,77.8106,6.181,1.5
15,-82,15,10.1.8.2,74.5914,2.43604,1.5
16,-82,23,10.1.9.1,80.4694,8.86422,1.5
17,-82,15,10.1.9.2,81.6298,0.780911,1.5
18,-82,23,10.1.10.1,92.9911,8.17182,1.5
19,-82,15,10.1.10.2,91.5649,5.71534,1.5
20,-82,23,10.1.11.1,1.74542,13.1484,1.5
21,-82,15,10.1.11.2,1.14928,14.7954,1.5
22,-82,23,10.1.12.1,15.3247,12.8522,1.5
23,-82,15,10.1.12.2,19.8133,13.4413,1.5
24,-82,23,10.1.13.1,28.9385,12.6855,1.5
25,-82,15,10.1.13.2,25.4645,12.7687,1.5
26,-82,23,10.1.14.1,33.6235,18.4157,1.5
27,-82,15,10.1.14.2,35.6047,15.2631,1.5
28,-82,23,10.1.15.1,46.4126,17.9683,1.5
29,-82,15,10.1.15.2,48.8367,17.4922,1.5
30,-82,23,10.1.16.1,50.0235,14.9209,1.5
31,-82,15,10.1.16.2,51.8141,10.6578,1.5
32,-82,23,10.1.17.1,61.323,10.2696,1.5
33,-82,15,10.1.17.2,64.0235,15.5635,1.5
34,-82,23,10.1.18.1,70.0478,14.8362,1.5
35,-82,15,10.1.18.2,76.6217,16.971,1.5
36,-82,23,10.1.19.1,83.9371,11.898,1.5
37,-82,15,10.1.19.2,81.1834,10.0125,1.5
38,-82,23,10.1.20.1,99.2878,19.4429,1.5
39,-82,15,10.1.20.2,98.0836,12.2222,1.5
Node,CST,Tx power,IP address,x,y,z
0,-82,23,10.1.1.1,9.26084,0.228456,1.5
1,-82,15,10.1.1.2,2.2416,9.03752,1.5
2,-82,23,10.1.2.1,16.2953,6.82052,1.5
3,-82,15,10.1.2.2,13.3994,6.28384,1.5
4,-82,23,10.1.3.1,26.969,1.11864,1.5
5,-82,15,10.1.3.2,29.7687,5.36937,1.5
6,-82,23,10.1.4.1,34.6182,2.57787,1.5
7,-82,15,10.1.4.2,35.7569,8.84698,1.5
8,-82,23,10.1.5.1,46.4123,6.44046,1.5
9,-82,15,10.1.5.2,41.6251,8.49804,1.5
10,-82,23,10.1.6.1,52.3696,0.708159,1.5
11,-82,15,10.1.6.2,51.48,1.5283,1.5
12,-82,23,10.1.7.1,63.6453,1.39995,1.5
13,-82,15,10.1.7.2,62.2938,9.50924,1.5
14,-82,23,10.1.8.1,78.1449,4.78121,1.5
15,-82,15,10.1.8.2,72.3865,2.1641,1.5
16,-82,23,10.1.9.1,86.9434,6.52983,1.5
17,-82,15,10.1.9.2,85.2013,9.01873,1.5
18,-82,23,10.1.10.1,99.1155,1.19571,1.5
19,-82,15,10.1.10.2,97.5772,0.217859,1.5
20,-82,23,10.1.11.1,4.77083,18.3153,1.5
21,-82,15,10.1.11.2,6.75734,19.0951,1.5
22,-82,23,10.1.12.1,11.6427,13.5456,1.5
23,-82,15,10.1.12.2,19.6015,12.0513,1.5
24,-82,23,10.1.13.1,25.4652,16.6344,1.5
25,-82,15,10.1.13.2,20.9295,13.4808,1.5
26,-82,23,10.1.14.1,38.3392,10.1802,1.5
27,-82,15,10.1.14.2,32.3987,14.8093,1.5
28,-82,23,10.1.15.1,42.0161,15.4326,1.5
29,-82,15,10.1.15.2,41.8687,11.6481,1.5
30,-82,23,10.1.16.1,51.5628,16.5519,1.5
31,-82,15,10.1.16.2,54.1245,10.1375,1.5
32,-82,23,10.1.17.1,68.921,15.8045,1.5
33,-82,15,10.1.17.2,65.8555,19.707,1.5
34,-82,23,10.1.18.1,74.5946,16.4011,1.5
35,-82,15,10.1.18.2,74.5005,14.5302,1.5
36,-82,23,10.1.19.1,80.0323,16.6363,1.5
37,-82,15,10.1.19.2,80.7633,11.1223,1.5
38,-82,23,10.1.20.1,92.428,18.8407,1.5
39,-82,15,10.1.20.2,91.7238,12.5083,1.5
Node,CST,Tx power,IP address,x,y,z
0,-82,23,10.1.1.1,0.691035,9.91773,1.5
1,-82,15,10.1.1.2,3.67866,3.28988,1.5
2,-82,23,10.1.2.1,12.0545,2.70515,1.5
3,-82,15,10.1.2.2,18.9284,5.39062,1.5
4,-82,23,10.1.3.1,26.9051,2.26527,1.5
5,-82,15,10.1.3.2,22.1593,3.211,1.5
6,-82,23,10.1.4.1,31.9251,5.19921,1.5
7,-82,15,10.1.4.2,31.2006,8.49486,1.5
8,-82,23,10.1.5.1,47.9916,1.53339,1.5
9,-82,15,10.1.5.2,47.884,9.75884,1.5
10,-82,23,10.1.6.1,56.5862,7.10085,1.5
11,-82,15,10.1.6.2,50.376,3.29318,1.5
12,-82,23,10.1.7.1,64.0147,7.84692,1.5
13,-82,15,10.1.7.2,64.5604,0.53664,1.5
14,-82,23,10.1.8.1,72.9025,4.04452,1.5
15,-82,15,10.1.8.2,76.1207,6.96773,1.5
16,-82,23,10.1.9.1,87.4747,9.75142,1.5
17,-82,15,10.1.9.2,88.7638,2.17199,1.5
18,-82,23,10.1.10.1,95.0572,4.97222,1.5
19,-82,15,10.1.10.2,96.075,2.87329,1.5
20,-82,23,10.1.11.1,8.25229,14.0194,1.5
21,-82,15,10.1.11.2,7.87762,17.2101,1.5
22,-82,23,10.1.12.1,12.795,13.4538,1.5
23,-82,15,10.1.12.2,15.292,17.003,1.5
24,-82,23,10.1.13.1,29.932,18.6917,1.5
25,-82,15,10.1.13.2,27.7606,14.8931,1.5
26,-82,23,10.1.14.1,33.0702,17.0256,1.5
27,-82,15,10.1.14.2,32.1691,10.0045,1.5
28,-82,23,10.1.15.1,45.1535,14.2932,1.5
29,-82,15,10.1.15.2,41.8806,15.6695,1.5
30,-82,23,10.1.16.1,54.416,10.7156,1.5
31,-82,15,10.1.16.2,54.2893,11.0262,1.5
32,-82,23,10.1.17.1,62.6807,12.2816,1.5
33,-82,15,10.1.17.2,67.3798,16.8951,1.5
34,-82,23,10.1.18.1,73.1375,15.878,1.5
35,-82,15,10.1.18.2,72.6608,15.0598,1.5
36,-82,23,10.1.19.1,83.1044,17.7117,1.5
37,-82,15,10.1.19.2,87.2779,15.9986,1.5
38,-82,23,10.1.20.1,90.9806,19.1403,1.5
39,-82,15,10.1.20.2,92.3218,18.1448,1.5
Node,CST,Tx power,IP address,x,y,z
0,-82,23,10.1.1.1,7.67866,2.49301,1.5
1,-82,15,10.1.1.2,7.5477,1.42208,1.5
2,-82,23,10.1.2.1,10.1697,2.21815,1.5
3,-82,15,10.1.2.2,18.1615,5.69622,1.5
4,-82,23,10.1.3.1,20.5341,0.672908,1.5
5,-82,15,10.1.3.2,23.5864,1.3153,1.5
6,-82,23,10.1.4.1,34.0981,7.13143,1.5
7,-82,15,10.1.4.2,33.3052,7.37673,1.5
8,-82,23,10.1.5.1,45.3256,9.60735,1.5
9,-82,15,10.1.5.2,49.0798,0.589599,1.5
10,-82,23,10.1.6.1,52.8684,9.6278,1.5
11,-82,15,10.1.6.2,56.8634,8.01692,1.5
12,-82,23,10.1.7.1,64.9035,7.72577,1.5
13,-82,15,10.1.7.2,68.8639,5.3353,1.5
14,-82,23,10.1.8.1,73.0239,3.24276,1.5
15,-82,15,10.1.8.2,72.7694,6.48217,1.5
16,-82,23,10.1.9.1,86.1622,6.74106,1.5
17,-82,15,10.1.9.2,83.568,2.82203,1.5
18,-82,23,10.1.10.1,95.5831,7.23885,1.5
19,-82,15,10.1.10.2,97.4343,2.63986,1.5
20,-82,23,10.1.11.1,1.89748,13.8554,1.5
21,-82,15,10.1.11.2,3.96102,18.7658,1.5
22,-82,23,10.1.12.1,10.1301,15.3651,1.5
23,-82,15,10.1.12.2,18.3636,18.703,1.5
24,-82,23,10.1.13.1,24.8221,14.4359,1.5
25,-82,15,10.1.13.2,29.644,18.9025,1.5
26,-82,23,10.1.14.1,38.025,10.2425,1.5
27,-82,15,10.1.14.2,32.4986,18.3427,1.5
28,-82,23,10.1.15.1,49.2138,19.1086,1.5
29,-82,15,10.1.15.2,46.3682,18.1032,1.5
30,-82,23,10.1.16.1,57.1634,18.0243,1.5
31,-82,15,10.1.16.2,58.4361,18.2857,1.5
32,-82,23,10.1.17.1,64.8371,10.4072,1.5
33,-82,15,10.1.17.2,69.1548,10.3993,1.5
34,-82,23,10.1.18.1,75.9999,18.1162,1.5
35,-82,15,10.1.18.2,76.7911,15.3689,1.5
36,-82,23,10.1.19.1,83.498,15.3865,1.5
37,-82,15,10.1.19.2,83.6247,18.4873,1.5
38,-82,23,10.1.20.1,94.7237,12.0693,1.5
39,-82,15,10.1.20.2,97.9203,16.6307,1.5
Node,CST,Tx power,IP address,x,y,z
0,-82,23,10.1.1.1,5.28895,1.15469,1.5
1,-82,15,10.1.1.2,6.57525,7.03279,1.5
2,-82,23,10.1.2.1,13.3365,3.21762,1.5
3,-82,15,10.1.2.2,15.9776,6.33515,1.5
4,-82,23,10.1.3.1,24.1441,6.00046,1.5
5,-82,15,10.1.3.2,27.4812,7.52114,1.5
6,-82,23,10.1.4.1,31.56,3.65899,1.5
7,-82,15,10.1.4.2,36.0746,6.68859,1.5
8,-82,23,10.1.5.1,40.7226,1.58867,1.5
9,-82,15,10.1.5.2,42.7967,9.82207,1.5
10,-82,23,10.1.6.1,54.6821,5.58196,1.5
11,-82,15,10.1.6.2,51.804,8.69477,1.5
12,-82,23,10.1.7.1,63.6998,4.21562,1.5
13,-82,15,10.1.7.2,60.9086,8.96431,1.5
14,-82,23,10.1.8.1,73.956,8.26743,1.5
15,-82,15,10.1.8.2,71.4841,6.85895,1.5
16,-82,23,10.1.9.1,89.0021,4.79146,1.5
17,-82,15,10.1.9.2,80.9671,7.6041,1.5
18,-82,23,10.1.10.1,91.0769,8.52736,1.5
19,-82,15,10.1.10.2,98.176,6.21159,1.5
20,-82,23,10.1.11.1,9.21354,11.5418,1.5
21,-82,15,10.1.11.2,1.03848,12.6214,1.5
22,-82,23,10.1.12.1,14.9012,10.5557,1.5
23,-82,15,10.1.12.2,16.5712,16.5038,1.5
24,-82,23,10.1.13.1,20.0579,18.9928,1.5
25,-82,15,10.1.13.2,20.2807,17.8237,1.5
26,-82,23,10.1.14.1,35.962,17.9627,1.5
27,-82,15,10.1.14.2,39.7764,10.7689,1.5
28,-82,23,10.1.15.1,44.4333,12.3232,1.5
29,-82,15,10.1.15.2,48.8445,15.5971,1.5
30,-82,23,10.1.16.1,59.7124,10.9217,1.5
31,-82,15,10.1.16.2,56.6563,13.7457,1.5
32,-82,23,10.1.17.1,63.4935,18.3743,1.5
33,-82,15,10.1.17.2,67.4132,18.8441,1.5
34,-82,23,10.1.18.1,79.8864,19.601,1.5
35,-82,15,10.1.18.2,72.3574,12.2048,1.5
36,-82,23,10.1.19.1,88.3781,19.4732,1.5
37,-82,15,10.1.19.2,89.6336,13.187,1.5
38,-82,23,10.1.20.1,98.256,12.2102,1.5
39,-82,15,10.1.20.2,95.8631,15.6442,1.5
Node,CST,Tx power,IP address,x,y,z
0,-82,23,10.1.1.1,8.65332,0.516277,1.5
1,-82,15,10.1.1.2,8.6153,5.56933,1.5
2,-82,23,10.1.2.1,13.6391,1.80163,1.5
3,-82,15,10.1.2.2,14.5031,3.03573,1.5
4,-82,23,10.1.3.1,26.9492,6.449,1.5
5,-82,15,10.1.3.2,29.368,7.06407,1.5
6,-82,23,10.1.4.1,34.8769,5.30461,1.5
7,-82,15,10.1.4.2,30.1351,1.78909,1.5
8,-82,23,10.1.5.1,45.1278,2.90022,1.5
9,-82,15,10.1.5.2,49.0057,3.73058,1.5
10,-82,23,10.1.6.1,51.279,3.44702,1.5
11,-82,15,10.1.6.2,51.4001,8.04484,1.5
12,-82,23,10.1.7.1,68.2526,7.65153,1.5
13,-82,15,10.1.7.2,66.8467,5.67215,1.5
14,-82,23,10.1.8.1,74.8281,0.567384,1.5
15,-82,15,10.1.8.2,74.7421,2.84838,1.5
16,-82,23,10.1.9.1,83.1166,0.416229,1.5
17,-82,15,10.1.9.2,80.9316,6.56844,1.5
18,-82,23,10.1.10.1,96.905,5.31032,1.5
19,-82,15,10.1.10.2,95.0237,0.961988,1.5
20,-82,23,10.1.11.1,2.04343,10.734,1.5
21,-82,15,10.1.11.2,3.51571,12.4501,1.5
22,-82,23,10.1.12.1,14.2454,14.9742,1.5
23,-82,15,10.1.12.2,12.1995,10.6672,1.5
24,-82,23,10.1.13.1,21.0701,15.7447,1.5
25,-82,15,10.1.13.2,24.893,10.4685,1.5
26,-82,23,10.1.14.1,31.0278,10.3208,1.5
27,-82,15,10.1.14.2,34.7677,19.6105,1.5
28,-82,23,10.1.15.1,42.8189,11.9595,1.5
29,-82,15,10.1.15.2,41.3232,14.6022,1.5
30,-82,23,10.1.16.1,50.7566,12.3205,1.5
31,-82,15,10.1.16.2,59.3255,18.167,1.5
32,-82,23,10.1.17.1,62.9487,11.4623,1.5
33,-82,15,10.1.17.2,68.9878,19.5033,1.5
34,-82,23,10.1.18.1,79.3044,15.9808,1.5
35,-82,15,10.1.18.2,73.4353,13.5617,1.5
36,-82,23,10.1.19.1,87.6749,15.8693,1.5
37,-82,15,10.1.19.2,87.0623,11.4153,1.5
38,-82,23,10.1.20.1,93.6442,16.7151,1.5
39,-82,15,10.1.20.2,97.052,10.664,1.5
Node,CST,Tx power,IP address,x,y,z
0,-82,23,10.1.1.1,1.08111,5.84074,1.5
1,-82,15,10.1.1.2,5.86178,2.78998,1.5
2,-82,23,10.1.2.1,12.1173,3.06543,1.5
3,-82,15,10.1.2.2,19.3163,8.27232,1.5
4,-82,23,10.1.3.1,23.7184,0.84009,1.5
5,-82,15,10.1.3.2,22.9015,5.57996,1.5
6,-82,23,10.1.4.1,37.8962,6.80607,1.5
7,-82,15,10.1.4.2,34.2344,9.12758,1.5
8,-82,23,10.1.5.1,41.2435,4.93757,1.5
9,-82,15,10.1.5.2,47.7888,0.326763,1.5
10,-82,23,10.1.6.1,58.0767,9.37631,1.5
11,-82,15,10.1.6.2,56.7161,6.22673,1.5
12,-82,23,10.1.7.1,67.2799,3.62987,1.5
13,-82,15,10.1.7.2,67.9546,8.15663,1.5
14,-82,23,10.1.8.1,77.6672,3.4183,1.5
15,-82,15,10.1.8.2,71.7742,4.22516,1.5
16,-82,23,10.1.9.1,83.4505,9.65742,1.5
17,-82,15,10.1.9.2,84.307,5.82821,1.5
18,-82,23,10.1.10.1,93.985,6.727,1.5
19,-82,15,10.1.10.2,91.7631,6.91585,1.5
20,-82,23,10.1.11.1,8.97642,17.4767,1.5
21,-82,15,10.1.11.2,0.984647,10.1745,1.5
22,-82,23,10.1.12.1,13.7925,15.5956,1.5
23,-82,15,10.1.12.2,11.1224,13.1513,1.5
24,-82,23,10.1.13.1,20.6566,13.4733,1.5
25,-82,15,10.1.13.2,29.7129,18.9703,1.5
26,-82,23,10.1.14.1,37.3814,16.5941,1.5
27,-82,15,10.1.14.2,31.3671,17.745,1.5
28,-82,23,10.1.15.1,46.2793,19.8915,1.5
29,-82,15,10.1.15.2,42.3378,13.1076,1.5
30,-82,23,10.1.16.1,55.7175,14.7602,1.5
31,-82,15,10.1.16.2,50.9123,18.8176,1.5
32,-82,23,10.1.17.1,63.1177,14.506,1.5
33,-82,15,10.1.17.2,61.4655,11.3825,1.5
34,-82,23,10.1.18.1,71.6735,13.9631,1.5
35,-82,15,10.1.18.2,70.2112,17.6861,1.5
36,-82,23,10.1.19.1,88.1821,18.3085,1.5
37,-82,15,10.1.19.2,80.3666,19.8577,1.5
38,-82,23,10.1.20.1,90.7771,16.4134,1.5
39,-82,15,10.1.20.2,95.8877,11.8599,1.5
Node,CST,Tx power,IP address,x,y,z
0,-82,23,10.1.1.1,3.73161,0.153157,1.5
1,-82,15,10.1.1.2,8.22664,7.19991,1.5
2,-82,23,10.1.2.1,15.8688,7.51682,1.5
3,-82,15,10.1.2.2,11.5907,2.05917,1.5
4,-82,23,10.1.3.1,22.138,9.11921,1.5
5,-82,15,10.1.3.2,22.3416,2.13879,1.5
6,-82,23,10.1.4.1,39.4123,4.7254,1.5
7,-82,15,10.1.4.2,37.3883,5.95811,1.5
8,-82,23,10.1.5.1,44.7942,7.00703,1.5
9,-82,15,10.1.5.2,48.9094,4.37385,1.5
10,-82,23,10.1.6.1,52.869,5.17141,1.5
11,-82,15,10.1.6.2,57.1076,3.43688,1.5
12,-82,23,10.1.7.1,60.9879,7.00865,1.5
13,-82,15,10.1.7.2,62.7493,9.29426,1.5
14,-82,23,10.1.8.1,74.8048,5.74046,1.5
15,-82,15,10.1.8.2,72.9907,4.81924,1.5
16,-82,23,10.1.9.1,81.2319,0.350016,1.5
17,-82,15,10.1.9.2,82.887,0.167301,1.5
18,-82,23,10.1.10.1,95.0068,6.31471,1.5
19,-82,15,10.1.10.2,94.0808,8.49553,1.5
20,-82,23,10.1.11.1,8.77347,14.7922,1.5
21,-82,15,10.1.11.2,9.75232,12.4442,1.5
22,-82,23,10.1.12.1,13.4102,14.8298,1.5
23,-82,15,10.1.12.2,15.8189,19.9119,1.5
24,-82,23,10.1.13.1,21.1734,14.3989,1.5
25,-82,15,10.1.13.2,28.1061,14.6818,1.5
26,-82,23,10.1.14.1,33.5382,12.1106,1.5
27,-82,15,10.1.14.2,37.6861,11.6031,1.5
28,-82,23,10.1.15.1,45.2472,10.9976,1.5
29,-82,15,10.1.15.2,42.0177,15.6356,1.5
30,-82,23,10.1.16.1,52.7627,13.3837,1.5
31,-82,15,10.1.16.2,59.9332,19.9228,1.5
32,-82,23,10.1.17.1,69.7236,17.8362,1.5
33,-82,15,10.1.17.2,64.4723,12.7256,1.5
34,-82,23,10.1.18.1,77.2186,16.0012,1.5
35,-82,15,10.1.18.2,75.134,13.181,1.5
36,-82,23,10.1.19.1,85.5387,15.6825,1.5
37,-82,15,10.1.19.2,85.6041,16.9225,1.5
38,-82,23,10.1.20.1,93.8645,11.0349,1.5
39,-82,15,10.1.20.2,97.8617,17.5272,1.5
Node,CST,Tx power,IP address,x,y,z
0,-82,23,10.1.1.1,5.78945,9.2373,1.5
1,-82,15,10.1.1.2,4.6058,2.27058,1.5
2,-82,23,10.1.2.1,18.0007,6.68948,1.5
3,-82,15,10.1.2.2,15.4783,3.20638,1.5
4,-82,23,10.1.3.1,21.4258,6.01439,1.5
5,-82,15,10.1.3.2,26.1281,9.84282,1.5
6,-82,23,10.1.4.1,37.7628,7.83125,1.5
7,-82,15,10.1.4.2,37.671,5.99638,1.5
8,-82,23,10.1.5.1,43.2111,0.232182,1.5
9,-82,15,10.1.5.2,48.7998,6.05978,1.5
10,-82,23,10.1.6.1,51.3149,4.84575,1.5
11,-82,15,10.1.6.2,57.9825,8.40352,1.5
12,-82,23,10.1.7.1,68.5882,2.12745,1.5
13,-82,15,10.1.7.2,63.5043,0.430701,1.5
14,-82,23,10.1.8.1,70.5441,9.13288,1.5
15,-82,15,10.1.8.2,72.9486,6.87755,1.5
16,-82,23,10.1.9.1,88.9298,2.87396,1.5
17,-82,15,10.1.9.2,84.5595,7.25001,1.5
18,-82,23,10.1.10.1,99.2532,9.38756,1.5
19,-82,15,10.1.10.2,94.8701,3.96665,1.5
20,-82,23,10.1.11.1,1.12234,13.9063,1.5
21,-82,15,10.1.11.2,6.53745,14.5224,1.5
22,-82,23,10.1.12.1,18.1661,12.3249,1.5
23,-82,15,10.1.12.2,11.7393,19.3154,1.5
24,-82,23,10.1.13.1,23.0166,11.9331,1.5
25,-82,15,10.1.13.2,25.3205,14.9398,1.5
26,-82,23,10.1.14.1,38.3641,12.5827,1.5
27,-82,15,10.1.14.2,31.7458,15.7805,1.5
28,-82,23,10.1.15.1,43.8781,18.4289,1.5
29,-82,15,10.1.15.2,42.8803,12.8102,1.5
30,-82,23,10.1.16.1,59.9514,12.1095,1.5
31,-82,15,10.1.16.2,51.9427,18.0408,1.5
32,-82,23,10.1.17.1,69.0752,14.0811,1.5
33,-82,15,10.1.17.2,67.5871,14.9233,1.5
34,-82,23,10.1.18.1,75.2041,12.0199,1.5
35,-82,15,10.1.18.2,74.9681,17.6121,1.5
36,-82,23,10.1.19.1,88.2773,14.6219,1.5
37,-82,15,10.1.19.2,85.6883,17.2134,1.5
38,-82,23,10.1.20.1,93.7702,14.1383,1.5
39,-82,15,10.1.20.2,90.5608,14.6294,1.5
Node,CST,Tx power,IP address,x,y,z
0,-82,23,10.1.1.1,9.10782,8.11392,1.5
1,-82,15,10.1.1.2,5.9501,2.90096,1.5
2,-82,23,10.1.2.1,10.5206,6.27276,1.5
3,-82,15,10.1.2.2,14.4493,4.88587,1.5
4,-82,23,10.1.3.1,22.5577,9.08959,1.5
5,-82,15,10.1.3.2,25.2078,9.26716,1.5
6,-82,23,10.1.4.1,30.3054,3.15242,1.5
7,-82,15,10.1.4.2,33.4368,8.69158,1.5
8,-82,23,10.1.5.1,44.3513,2.72694,1.5
9,-82,15,10.1.5.2,42.8336,3.0678,1.5
10,-82,23,10.1.6.1,54.5182,7.00085,1.5
11,-82,15,10.1.6.2,56.809,1.442,1.5
12,-82,23,10.1.7.1,64.647,9.12816,1.5
13,-82,15,10.1.7.2,67.7394,0.58318,1.5
14,-82,23,10.1.8.1,78.3441,1.29219,1.5
15,-82,15,10.1.8.2,79.1814,3.56681,1.5
16,-82,23,10.1.9.1,85.2275,9.71613,1.5
17,-82,15,10.1.9.2,88.3783,5.05836,1.5
18,-82,23,10.1.10.1,91.2454,8.30538,1.5
19,-82,15,10.1.10.2,91.9657,9.483,1.5
20,-82,23,10.1.11.1,7.54187,16.365,1.5
21,-82,15,10.1.11.2,8.62364,17.6658,1.5
22,-82,23,10.1.12.1,13.6544,15.3186,1.5
23,-82,15,10.1.12.2,13.8793,17.4103,1.5
24,-82,23,10.1.13.1,29.6345,10.5989,1.5
25,-82,15,10.1.13.2,23.5447,15.4673,1.5
26,-82,23,10.1.14.1,30.2369,12.3324,1.5
27,-82,15,10.1.14.2,30.0237,10.9014,1.5
28,-82,23,10.1.15.1,47.421,17.6281,1.5
29,-82,15,10.1.15.2,45.8288,14.5378,1.5
30,-82,23,10.1.16.1,54.6601,13.3097,1.5
31,-82,15,10.1.16.2,57.9469,11.4554,1.5
32,-82,23,10.1.17.1,63.2113,11.6703,1.5
33,-82,15,10.1.17.2,65.48,15.8429,1.5
34,-82,23,10.1.18.1,74.1247,19.78,1.5
35,-82,15,10.1.18.2,70.147,15.5904,1.5
36,-82,23,10.1.19.1,86.0288,11.3861,1.5
37,-82,15,10.1.19.2,87.925,16.7867,1.5
38,-82,23,10.1.20.1,99.9022,16.2554,1.5
39,-82,15,10.1.20.2,93.1928,17.6405,1.5
Node,CST,Tx power,IP address,x,y,z
0,-82,23,10.1.1.1,1.83455,8.82459,1.5
1,-82,15,10.1.1.2,8.90964,4.8392,1.5
2,-82,23,10.1.2.1,13.5361,0.372422,1.5
3,-82,15,10.1.2.2,10.2278,8.82553,1.5
4,-82,23,10.1.3.1,20.4245,7.99657,1.5
5,-82,15,10.1.3.2,22.8395,3.30778,1.5
6,-82,23,10.1.4.1,32.7482,8.55578,1.5
7,-82,15,10.1.4.2,39.0668,7.0805,1.5
8,-82,23,10.1.5.1,48.4088,0.175695,1.5
9,-82,15,10.1.5.2,40.8068,7.35601,1.5
10,-82,23,10.1.6.1,51.2403,8.47261,1.5
11,-82,15,10.1.6.2,59.631,9.62229,1.5
12,-82,23,10.1.7.1,69.6177,3.73878,1.5
13,-82,15,10.1.7.2,64.3345,5.78963,1.5
14,-82,23,10.1.8.1,71.3251,0.129696,1.5
15,-82,15,10.1.8.2,79.1522,4.86798,1.5
16,-82,23,10.1.9.1,89.2363,4.81317,1.5
17,-82,15,10.1.9.2,87.0678,3.53976,1.5
18,-82,23,10.1.10.1,90.4002,7.19915,1.5
19,-82,15,10.1.10.2,93.0183,0.894573,1.5
20,-82,23,10.1.11.1,4.67391,11.6491,1.5
21,-82,15,10.1.11.2,7.6863,12.1687,1.5
22,-82,23,10.1.12.1,17.0447,15.0839,1.5
23,-82,15,10.1.12.2,13.9229,17.1589,1.5
24,-82,23,10.1.13.1,22.8994,19.3119,1.5
25,-82,15,10.1.13.2,22.6744,18.3641,1.5
26,-82,23,10.1.14.1,31.9631,17.0642,1.5
27,-82,15,10.1.14.2,37.2153,17.0573,1.5
28,-82,23,10.1.15.1,42.4206,17.3936,1.5
29,-82,15,10.1.15.2,46.7639,13.8925,1.5
30,-82,23,10.1.16.1,57.8537,13.4422,1.5
31,-82,15,10.1.16.2,55.0967,19.4152,1.5
32,-82,23,10.1.17.1,63.2965,17.7375,1.5
33,-82,15,10.1.17.2,63.944,13.6948,1.5
34,-82,23,10.1.18.1,73.3285,13.2365,1.5
35,-82,15,10.1.18.2,77.9894,19.347,1.5
36,-82,23,10.1.19.1,83.8909,11.1858,1.5
37,-82,15,10.1.19.2,82.7569,12.7379,1.5
38,-82,23,10.1.20.1,93.9193,13.1957,1.5
39,-82,15,10.1.20.2,93.4903,18.53,1.5
Node,CST,Tx power,IP address,x,y,z
0,-82,23,10.1.1.1,3.46556,0.568359,1.5
1,-82,15,10.1.1.2,9.95901,6.44774,1.5
2,-82,23,10.1.2.1,15.1447,4.25803,1.5
3,-82,15,10.1.2.2,14.6808,5.3601,1.5
4,-82,23,10.1.3.1,28.5114,3.63629,1.5
5,-82,15,10.1.3.2,25.3035,1.37354,1.5
6,-82,23,10.1.4.1,39.0425,3.96868,1.5
7,-82,15,10.1.4.2,37.8236,1.78422,1.5
8,-82,23,10.1.5.1,47.2296,7.66322,1.5
9,-82,15,10.1.5.2,47.7246,2.60447,1.5
10,-82,23,10.1.6.1,54.329,3.41591,1.5
11,-82,15,10.1.6.2,50.5398,3.4846,1.5
12,-82,23,10.1.7.1,69.1529,7.87803,1.5
13,-82,15,10.1.7.2,66.9513,3.96859,1.5
14,-82,23,10.1.8.1,74.8418,9.24593,1.5
15,-82,15,10.1.8.2,76.9857,8.09786,1.5
16,-82,23,10.1.9.1,84.1917,3.49296,1.5
17,-82,15,10.1.9.2,82.7735,1.19225,1.5
18,-82,23,10.1.10.1,96.7323,5.60147,1.5
19,-82,15,10.1.10.2,93.5175,3.89574,1.5
20,-82,23,10.1.11.1,6.05217,13.3925,1.5
21,-82,15,10.1.11.2,3.50564,17.4708,1.5
22,-82,23,10.1.12.1,15.6477,16.7187,1.5
23,-82,15,10.1.12.2,10.8879,14.5485,1.5
24,-82,23,10.1.13.1,24.2381,14.0287,1.5
25,-82,15,10.1.13.2,26.8763,18.9361,1.5
26,-82,23,10.1.14.1,37.6226,17.6576,1.5
27,-82,15,10.1.14.2,31.3067,16.7257,1.5
28,-82,23,10.1.15.1,44.7671,16.6695,1.5
29,-82,15,10.1.15.2,48.9523,10.1895,1.5
30,-82,23,10.1.16.1,53.8152,14.273,1.5
31,-82,15,10.1.16.2,58.854,18.5706,1.5
32,-82,23,10.1.17.1,63.3088,16.0078,1.5
33,-82,15,10.1.17.2,62.0518,12.0827,1.5
34,-82,23,10.1.18.1,79.6508,15.2534,1.5
35,-82,15,10.1.18.2,74.2402,14.5252,1.5
36,-82,23,10.1.19.1,88.3441,15.0633,1.5
37,-82,15,10.1.19.2,81.022,19.189,1.5
38,-82,23,10.1.20.1,96.7787,19.3278,1.5
39,-82,15,10.1.20.2,96.1114,16.6187,1.5
Node,CST,Tx power,IP address,x,y,z
0,-82,23,10.1.1.1,4.64274,4.02178,1.5
1,-82,15,10.1.1.2,2.25473,2.53337,1.5
2,-82,23,10.1.2.1,15.4605,2.45715,1.5
3,-82,15,10.1.2.2,18.9137,6.11261,1.5
4,-82,23,10.1.3.1,28.9856,4.81301,1.5
5,-82,15,10.1.3.2,22.4613,1.80646,1.5
6,-82,23,10.1.4.1,37.0017,0.853303,1.5
7,-82,15,10.1.4.2,35.5224,0.15713,1.5
8,-82,23,10.1.5.1,44.0633,7.90988,1.5
9,-82,15,10.1.5.2,49.4457,6.33367,1.5
10,-82,23,10.1.6.1,52.3119,7.9088,1.5
11,-82,15,10.1.6.2,52.7264,6.94166,1.5
12,-82,23,10.1.7.1,67.6791,0.63191,1.5
13,-82,15,10.1.7.2,62.2957,9.89371,1.5
14,-82,23,10.1.8.1,72.441,0.33227,1.5
15,-82,15,10.1.8.2,74.6741,3.99989,1.5
16,-82,23,10.1.9.1,87.3322,4.0848,1.5
17,-82,15,10.1.9.2,88.9997,8.68385,1.5
18,-82,23,10.1.10.1,98.1639,5.75236,1.5
19,-82,15,10.1.10.2,91.498,3.04051,1.5
20,-82,23,10.1.11.1,4.07796,15.7213,1.5
21,-82,15,10.1.11.2,8.27988,13.7021,1.5
22,-82,23,10.1.12.1,18.1334,19.8895,1.5
23,-82,15,10.1.12.2,13.5243,15.3826,1.5
24,-82,23,10.1.13.1,22.2327,11.3568,1.5
25,-82,15,10.1.13.2,29.1008,17.2362,1.5
26,-82,23,10.1.14.1,37.9873,15.1747,1.5
27,-82,15,10.1.14.2,35.3156,12.8901,1.5
28,-82,23,10.1.15.1,40.6643,15.9968,1.5
29,-82,15,10.1.15.2,41.7328,18.2782,1.5
30,-82,23,10.1.16.1,59.7844,18.7365,1.5
31,-82,15,10.1.16.2,56.6425,17.6791,1.5
32,-82,23,10.1.17.1,61.6845,15.351,1.5
33,-82,15,10.1.17.2,69.7979,14.5632,1.5
34,-82,23,10.1.18.1,73.005,11.8712,1.5
35,-82,15,10.1.18.2,78.4746,15.3344,1.5
36,-82,23,10.1.19.1,81.971,18.8021,1.5
37,-82,15,10.1.19.2,83.3137,10.8044,1.5
38,-82,23,10.1.20.1,97.2899,14.014,1.5
39,-82,15,10.1.20.2,94.99,19.2075,1.5
Node,CST,Tx power,IP address,x,y,z
0,-82,23,10.1.1.1,3.94179,0.682814,1.5
1,-82,15,10.1.1.2,4.96223,3.18146,1.5
2,-82,23,10.1.2.1,11.0768,2.78996,1.5
3,-82,15,10.1.2.2,11.6214,6.02854,1.5
4,-82,23,10.1.3.1,28.6698,8.26795,1.5
5,-82,15,10.1.3.2,26.4946,6.14672,1.5
6,-82,23,10.1.4.1,36.8676,1.27219,1.5
7,-82,15,10.1.4.2,32.9522,6.65376,1.5
8,-82,23,10.1.5.1,40.652,2.37213,1.5
9,-82,15,10.1.5.2,41.2616,9.67027,1.5
10,-82,23,10.1.6.1,50.1312,2.23571,1.5
11,-82,15,10.1.6.2,50.411,8.71665,1.5
12,-82,23,10.1.7.1,62.8136,6.13101,1.5
13,-82,15,10.1.7.2,62.4759,4.66438,1.5
14,-82,23,10.1.8.1,73.4972,3.20296,1.5
15,-82,15,10.1.8.2,75.4693,3.6643,1.5
16,-82,23,10.1.9.1,80.1653,0.544779,1.5
17,-82,15,10.1.9.2,89.9162,6.15666,1.5
18,-82,23,10.1.10.1,95.2624,5.87371,1.5
19,-82,15,10.1.10.2,91.1089,3.60601,1.5
20,-82,23,10.1.11.1,8.40248,12.8343,1.5
21,-82,15,10.1.11.2,7.46647,14.4711,1.5
22,-82,23,10.1.12.1,14.0244,14.3202,1.5
23,-82,15,10.1.12.2,12.705,10.5503,1.5
24,-82,23,10.1.13.1,26.5925,16.9577,1.5
25,-82,15,10.1.13.2,27.8532,19.406,1.5
26,-82,23,10.1.14.1,34.1381,10.2501,1.5
27,-82,15,10.1.14.2,35.538,14.2299,1.5
28,-82,23,10.1.15.1,40.2712,11.2533,1.5
29,-82,15,10.1.15.2,47.4804,18.6267,1.5
30,-82,23,10.1.16.1,56.4185,19.294,1.5
31,-82,15,10.1.16.2,58.365,10.1916,1.5
32,-82,23,10.1.17.1,64.7829,11.9263,1.5
33,-82,15,10.1.17.2,65.0169,19.5514,1.5
34,-82,23,10.1.18.1,72.0322,17.0651,1.5
35,-82,15,10.1.18.2,75.6529,10.9664,1.5
36,-82,23,10.1.19.1,84.6408,19.205,1.5
37,-82,15,10.1.19.2,88.2071,12.1135,1.5
38,-82,23,10.1.20.1,99.9519,16.2452,1.5
39,-82,15,10.1.20.2,99.1635,14.0198,1.5
Node,CST,Tx power,IP address,x,y,z
0,-82,23,10.1.1.1,1.55562,9.46551,1.5
1,-82,15,10.1.1.2,2.41058,7.93652,1.5
2,-82,23,10.1.2.1,17.9997,1.99857,1.5
3,-82,15,10.1.2.2,16.856,5.70436,1.5
4,-82,23,10.1.3.1,23.7206,0.711296,1.5
5,-82,15,10.1.3.2,22.2733,4.64056,1.5
6,-82,23,10.1.4.1,37.8061,6.09597,1.5
7,-82,15,10.1.4.2,38.0682,9.77016,1.5
8,-82,23,10.1.5.1,46.492,1.59426,1.5
9,-82,15,10.1.5.2,48.0326,0.012456,1.5
10,-82,23,10.1.6.1,55.5467,2.84189,1.5
11,-82,15,10.1.6.2,55.7214,7.60626,1.5
12,-82,23,10.1.7.1,63.8295,5.58653,1.5
13,-82,15,10.1.7.2,63.4934,3.84872,1.5
14,-82,23,10.1.8.1,70.2503,0.0624471,1.5
15,-82,15,10.1.8.2,76.5535,5.42602,1.5
16,-82,23,10.1.9.1,87.1309,5.64747,1.5
17,-82,15,10.1.9.2,86.7472,6.5881,1.5
18,-82,23,10.1.10.1,91.6563,2.43444,1.5
19,-82,15,10.1.10.2,91.2131,0.708004,1.5
20,-82,23,10.1.11.1,1.6414,18.5739,1.5
21,-82,15,10.1.11.2,6.00359,14.8408,1.5
22,-82,23,10.1.12.1,19.338,14.5242,1.5
23,-82,15,10.1.12.2,15.8561,11.4245,1.5
24,-82,23,10.1.13.1,21.1746,14.2279,1.5
25,-82,15,10.1.13.2,25.9203,18.1727,1.5
26,-82,23,10.1.14.1,39.8905,17.7494,1.5
27,-82,15,10.1.14.2,34.0021,13.5302,1.5
28,-82,23,10.1.15.1,47.4613,13.7998,1.5
29,-82,15,10.1.15.2,42.4692,11.0666,1.5
30,-82,23,10.1.16.1,55.3135,17.6577,1.5
31,-82,15,10.1.16.2,54.4906,15.8155,1.5
32,-82,23,10.1.17.1,69.321,17.6632,1.5
33,-82,15,10.1.17.2,69.1565,14.2951,1.5
34,-82,23,10.1.18.1,79.4175,12.4834,1.5
35,-82,15,10.1.18.2,78.3636,11.1657,1.5
36,-82,23,10.1.19.1,87.7828,15.0518,1.5
37,-82,15,10.1.19.2,87.1977,11.4245,1.5
38,-82,23,10.1.20.1,91.6182,17.2262,1.5
39,-82,15,10.1.20.2,97.1249,18.2986,1.5
Node,CST,Tx power,IP address,x,y,z
0,-82,23,10.1.1.1,7.22647,9.90669,1.5
1,-82,15,10.1.1.2,0.275533,6.05642,1.5
2,-82,23,10.1.2.1,17.8543,5.19384,1.5
3,-82,15,10.1.2.2,14.3626,5.08255,1.5
4,-82,23,10.1.3.1,28.9313,9.19056,1.5
5,-82,15,10.1.3.2,28.2021,6.80568,1.5
6,-82,23,10.1.4.1,30.1108,0.963521,1.5
7,-82,15,10.1.4.2,32.5732,5.12454,1.5
8,-82,23,10.1.5.1,48.3159,4.52868,1.5
9,-82,15,10.1.5.2,41.7229,9.64261,1.5
10,-82,23,10.1.6.1,52.3397,4.16187,1.5
11,-82,15,10.1.6.2,54.1524,7.74651,1.5
12,-82,23,10.1.7.1,63.3901,0.136851,1.5
13,-82,15,10.1.7.2,62.6016,5.47259,1.5
14,-82,23,10.1.8.1,70.7554,2.00782,1.5
15,-82,15,10.1.8.2,78.1093,9.44735,1.5
16,-82,23,10.1.9.1,83.2096,2.1726,1.5
17,-82,15,10.1.9.2,85.4316,5.05951,1.5
18,-82,23,10.1.10.1,96.3251,8.88441,1.5
19,-82,15,10.1.10.2,91.4556,3.72132,1.5
20,-82,23,10.1.11.1,9.80501,10.4804,1.5
21,-82,15,10.1.11.2,0.812167,11.2284,1.5
22,-82,23,10.1.12.1,10.978,19.4959,1.5
23,-82,15,10.1.12.2,10.5357,16.8302,1.5
24,-82,23,10.1.13.1,27.3539,10.6366,1.5
25,-82,15,10.1.13.2,25.1905,19.2894,1.5
26,-82,23,10.1.14.1,38.2633,17.1878,1.5
27,-82,15,10.1.14.2,35.7294,19.3014,1.5
28,-82,23,10.1.15.1,47.9748,11.6189,1.5
29,-82,15,10.1.15.2,43.2671,11.9908,1.5
30,-82,23,10.1.16.1,56.6363,18.7051,1.5
31,-82,15,10.1.16.2,58.8943,10.5908,1.5
32,-82,23,10.1.17.1,63.8824,15.9272,1.5
33,-82,15,10.1.17.2,63.1337,14.3314,1.5
34,-82,23,10.1.18.1,78.0625,10.2311,1.5
35,-82,15,10.1.18.2,74.7576,18.775,1.5
36,-82,23,10.1.19.1,81.4743,17.7612,1.5
37,-82,15,10.1.19.2,87.4727,13.7775,1.5
38,-82,23,10.1.20.1,90.7876,15.3516,1.5
39,-82,15,10.1.20.2,90.1347,14.3587,1.5
Node,CST,Tx power,IP address,x,y,z
0,-82,23,10.1.1.1,4.13658,7.3986,1.5
1,-82,15,10.1.1.2,8.96071,0.281453,1.5
2,-82,23,10.1.2.1,18.6011,9.50196,1.5
3,-82,15,10.1.2.2,14.2686,3.87792,1.5
4,-82,23,10.1.3.1,20.6593,3.60845,1.5
5,-82,15,10.1.3.2,28.6621,4.32792,1.5
6,-82,23,10.1.4.1,33.0841,2.16991,1.5
7,-82,15,10.1.4.2,30.8636,7.34071,1.5
8,-82,23,10.1.5.1,40.5087,1.25378,1.5
9,-82,15,10.1.5.2,42.9576,1.04046,1.5
10,-82,23,10.1.6.1,57.2277,4.66707,1.5
11,-82,15,10.1.6.2,54.6945,4.39256,1.5
12,-82,23,10.1.7.1,66.1515,0.456744,1.5
13,-82,15,10.1.7.2,65.362,8.65312,1.5
14,-82,23,10.1.8.1,78.6162,2.89232,1.5
15,-82,15,10.1.8.2,74.3816,3.23491,1.5
16,-82,23,10.1.9.1,81.9308,3.78209,1.5
17,-82,15,10.1.9.2,85.6183,3.71778,1.5
18,-82,23,10.1.10.1,97.5615,6.01837,1.5
19,-82,15,10.1.10.2,99.0382,0.985636,1.5
20,-82,23,10.1.11.1,8.50913,16.1373,1.5
21,-82,15,10.1.11.2,7.80128,14.0414,1.5
22,-82,23,10.1.12.1,18.3642,18.4758,1.5
23,-82,15,10.1.12.2,17.5362,19.8099,1.5
24,-82,23,10.1.13.1,20.1725,15.1171,1.5
25,-82,15,10.1.13.2,26.7077,12.8108,1.5
26,-82,23,10.1.14.1,35.7776,16.3399,1.5
27,-82,15,10.1.14.2,33.3764,17.2921,1.5
28,-82,23,10.1.15.1,46.7285,11.295,1.5
29,-82,15,10.1.15.2,42.8788,11.7758,1.5
30,-82,23,10.1.16.1,54.5449,17.793,1.5
31,-82,15,10.1.16.2,59.5848,17.6885,1.5
32,-82,23,10.1.17.1,60.6825,18.2865,1.5
33,-82,15,10.1.17.2,66.718,10.0498,1.5
34,-82,23,10.1.18.1,73.9628,13.8998,1.5
35,-82,15,10.1.18.2,79.748,15.3044,1.5
36,-82,23,10.1.19.1,85.4253,12.9874,1.5
37,-82,15,10.1.19.2,84.6239,17.0093,1.5
38,-82,23,10.1.20.1,98.9178,16.3774,1.5
39,-82,15,10.1.20.2,93.6629,15.8813,1.5
Node,CST,Tx power,IP address,x,y,z
0,-82,23,10.1.1.1,7.66883,8.9114,1.5
1,-82,15,10.1.1.2,8.7343,1.33345,1.5
2,-82,23,10.1.2.1,10.1067,8.14208,1.5
3,-82,15,10.1.2.2,15.3221,1.52469,1.5
4,-82,23,10.1.3.1,20.112,7.69783,1.5
5,-82,15,10.1.3.2,29.882,4.6266,1.5
6,-82,23,10.1.4.1,37.0098,6.97456,1.5
7,-82,15,10.1.4.2,39.9449,1.71677,1.5
8,-82,23,10.1.5.1,48.3752,0.49583,1.5
9,-82,15,10.1.5.2,48.9497,5.4464,1.5
10,-82,23,10.1.6.1,58.1227,5.01956,1.5
11,-82,15,10.1.6.2,55.5305,6.94108,1.5
12,-82,23,10.1.7.1,65.2626,2.75385,1.5
13,-82,15,10.1.7.2,64.8244,0.897221,1.5
14,-82,23,10.1.8.1,77.5943,2.31022,1.5
15,-82,15,10.1.8.2,76.6038,8.59994,1.5
16,-82,23,10.1.9.1,89.5118,7.18427,1.5
17,-82,15,10.1.9.2,83.7459,6.01334,1.5
18,-82,23,10.1.10.1,98.2631,8.63086,1.5
19,-82,15,10.1.10.2,91.5443,9.57026,1.5
20,-82,23,10.1.11.1,3.27762,14.5817,1.5
21,-82,15,10.1.11.2,9.01525,18.3294,1.5
22,-82,23,10.1.12.1,10.4017,19.6452,1.5
23,-82,15,10.1.12.2,12.7646,19.1797,1.5
24,-82,23,10.1.13.1,26.7531,16.823,1.5
25,-82,15,10.1.13.2,21.1526,13.9489,1.5
26,-82,23,10.1.14.1,33.1687,16.4564,1.5
27,-82,15,10.1.14.2,36.2659,17.1318,1.5
28,-82,23,10.1.15.1,40.9516,19.9318,1.5
29,-82,15,10.1.15.2,43.2295,12.9247,1.5
30,-82,23,10.1.16.1,50.2423,16.8891,1.5
31,-82,15,10.1.16.2,59.7577,11.4463,1.5
32,-82,23,10.1.17.1,64.4231,19.9804,1.5
33,-82,15,10.1.17.2,65.0124,13.4659,1.5
34,-82,23,10.1.18.1,71.7738,13.7254,1.5
35,-82,15,10.1.18.2,75.1439,14.9343,1.5
36,-82,23,10.1.19.1,81.3536,14.5411,1.5
37,-82,15,10.1.19.2,80.6859,16.3769,1.5
38,-82,23,10.1.20.1,92.3633,14.3138,1.5
39,-82,15,10.1.20.2,98.2506,17.8065,1.5
Node,CST,Tx power,IP address,x,y,z
0,-82,23,10.1.1.1,5.40895,8.51729,1.5
1,-82,15,10.1.1.2,8.38526,1.92666,1.5
2,-82,23,10.1.2.1,17.4198,9.60687,1.5
3,-82,15,10.1.2.2,13.0949,8.95948,1.5
4,-82,23,10.1.3.1,25.798,4.99738,1.5
5,-82,15,10.1.3.2,21.8544,2.6325,1.5
6,-82,23,10.1.4.1,37.8214,6.89722,1.5
7,-82,15,10.1.4.2,38.6676,8.34967,1.5
8,-82,23,10.1.5.1,44.0771,9.25837,1.5
9,-82,15,10.1.5.2,44.5745,9.06575,1.5
10,-82,23,10.1.6.1,53.9783,2.7004,1.5
11,-82,15,10.1.6.2,59.5229,5.50227,1.5
12,-82,23,10.1.7.1,67.1049,2.84038,1.5
13,-82,15,10.1.7.2,65.3866,6.6497,1.5
14,-82,23,10.1.8.1,78.3423,2.6559,1.5
15,-82,15,10.1.8.2,75.1657,1.2426,1.5
16,-82,23,10.1.9.1,89.9422,7.74468,1.5
17,-82,15,10.1.9.2,86.6589,4.87127,1.5
18,-82,23,10.1.10.1,95.2525,3.87184,1.5
19,-82,15,10.1.10.2,95.6934,4.45854,1.5
20,-82,23,10.1.11.1,4.16867,13.0279,1.5
21,-82,15,10.1.11.2,9.06288,15.2564,1.5
22,-82,23,10.1.12.1,10.4346,18.3432,1.5
23,-82,15,10.1.12.2,13.9083,14.3941,1.5
24,-82,23,10.1.13.1,25.9772,13.0479,1.5
25,-82,15,10.1.13.2,27.4049,10.132,1.5
26,-82,23,10.1.14.1,30.6797,15.0976,1.5
27,-82,15,10.1.14.2,31.6571,13.3737,1.5
28,-82,23,10.1.15.1,43.3707,12.7815,1.5
29,-82,15,10.1.15.2,41.4398,16.3379,1.5
30,-82,23,10.1.16.1,56.984,17.2385,1.5
31,-82,15,10.1.16.2,59.5589,18.6262,1.5
32,-82,23,10.1.17.1,63.9634,19.4296,1.5
33,-82,15,10.1.17.2,68.1791,12.8682,1.5
34,-82,23,10.1.18.1,76.1136,18.2143,1.5
35,-82,15,10.1.18.2,70.8693,17.2967,1.5
36,-82,23,10.1.19.1,83.2411,17.3765,1.5
37,-82,15,10.1.19.2,81.276,14.17,1.5
38,-82,23,10.1.20.1,99.7016,11.7619,1.5
39,-82,15,10.1.20.2,90.7851,13.1167,1.5
Node,CST,Tx power,IP address,x,y,z
0,-82,23,10.1.1.1,8.82239,2.38154,1.5
1,-82,15,10.1.1.2,9.08553,8.94559,1.5
2,-82,23,10.1.2.1,17.5059,7.74658,1.5
3,-82,15,10.1.2.2,17.3948,0.219959,1.5
4,-82,23,10.1.3.1,26.3131,1.05989,1.5
5,-82,15,10.1.3.2,21.903,4.90762,1.5
6,-82,23,10.1.4.1,39.0352,3.87896,1.5
7,-82,15,10.1.4.2,35.7847,0.897188,1.5
8,-82,23,10.1.5.1,46.9528,8.53683,1.5
9,-82,15,10.1.5.2,41.4629,3.22457,1.5
10,-82,23,10.1.6.1,52.6844,7.66679,1.5
11,-82,15,10.1.6.2,51.9622,0.383154,1.5
12,-82,23,10.1.7.1,66.3685,4.33081,1.5
13,-82,15,10.1.7.2,60.2013,2.1829,1.5
14,-82,23,10.1.8.1,78.7649,3.75769,1.5
15,-82,15,10.1.8.2,78.4872,4.13834,1.5
16,-82,23,10.1.9.1,86.3765,1.61232,1.5
17,-82,15,10.1.9.2,85.8775,0.820638,1.5
18,-82,23,10.1.10.1,99.5237,5.70971,1.5
19,-82,15,10.1.10.2,91.9946,9.49427,1.5
20,-82,23,10.1.11.1,7.22415,18.5629,1.5
21,-82,15,10.1.11.2,3.18821,14.1338,1.5
22,-82,23,10.1.12.1,11.2399,14.2968,1.5
23,-82,15,10.1.12.2,12.6547,18.6678,1.5
24,-82,23,10.1.13.1,23.5345,11.42,1.5
25,-82,15,10.1.13.2,23.6189,15.7051,1.5
26,-82,23,10.1.14.1,38.9753,12.725,1.5
27,-82,15,10.1.14.2,32.544,15.7665,1.5
28,-82,23,10.1.15.1,45.4595,11.4609,1.5
29,-82,15,10.1.15.2,45.1029,17.5688,1.5
30,-82,23,10.1.16.1,53.8066,13.8342,1.5
31,-82,15,10.1.16.2,51.6423,14.3098,1.5
32,-82,23,10.1.17.1,61.0617,15.0917,1.5
33,-82,15,10.1.17.2,67.8218,19.5885,1.5
34,-82,23,10.1.18.1,70.5739,15.2444,1.5
35,-82,15,10.1.18.2,78.7067,18.3607,1.5
36,-82,23,10.1.19.1,84.0095,15.1989,1.5
37,-82,15,10.1.19.2,89.2189,18.4322,1.5
38,-82,23,10.1.20.1,91.3221,12.9609,1.5
39,-82,15,10.1.20.2,93.5546,17.3466,1.5
Node,CST,Tx power,IP address,x,y,z
0,-82,23,10.1.1.1,7.15511,9.47066,1.5
1,-82,15,10.1.1.2,0.0845198,7.85259,1.5
2,-82,23,10.1.2.1,14.2463,3.1875,1.5
3,-82,15,10.1.2.2,16.0655,1.10193,1.5
4,-82,23,10.1.3.1,22.3548,6.81059,1.5
5,-82,15,10.1.3.2,21.4982,1.54027,1.5
6,-82,23,10.1.4.1,37.5871,1.31571,1.5
7,-82,15,10.1.4.2,37.5662,6.87359,1.5
8,-82,23,10.1.5.1,41.4477,6.41103,1.5
9,-82,15,10.1.5.2,48.4993,2.9014,1.5
10,-82,23,10.1.6.1,52.3428,9.61609,1.5
11,-82,15,10.1.6.2,54.7838,7.85228,1.5
12,-82,23,10.1.7.1,64.1497,7.00925,1.5
13,-82,15,10.1.7.2,68.331,1.81806,1.5
14,-82,23,10.1.8.1,73.8078,4.86269,1.5
15,-82,15,10.1.8.2,71.792,4.93054,1.5
16,-82,23,10.1.9.1,85.4896,2.47057,1.5
17,-82,15,10.1.9.2,84.9385,2.9448,1.5
18,-82,23,10.1.10.1,97.287,4.30175,1.5
19,-82,15,10.1.10.2,91.5856,7.38541,1.5
20,-82,23,10.1.11.1,2.74131,18.6513,1.5
21,-82,15,10.1.11.2,1.48343,10.9249,1.5
22,-82,23,10.1.12.1,13.4113,15.51,1.5
23,-82,15,10.1.12.2,15.0328,18.9154,1.5
24,-82,23,10.1.13.1,20.2279,15.7822,1.5
25,-82,15,10.1.13.2,26.3672,13.7322,1.5
26,-82,23,10.1.14.1,38.208,15.6781,1.5
27,-82,15,10.1.14.2,31.8593,18.9378,1.5
28,-82,23,10.1.15.1,47.4145,19.1764,1.5
29,-82,15,10.1.15.2,42.1162,18.8965,1.5
30,-82,23,10.1.16.1,52.7629,18.1471,1.5
31,-82,15,10.1.16.2,55.1504,18.9052,1.5
32,-82,23,10.1.17.1,60.1753,10.7581,1.5
33,-82,15,10.1.17.2,66.1667,14.6357,1.5
34,-82,23,10.1.18.1,78.178,15.6507,1.5
35,-82,15,10.1.18.2,74.5956,16.1971,1.5
36,-82,23,10.1.19.1,88.6219,16.2562,1.5
37,-82,15,10.1.19.2,88.6805,18.2502,1.5
38,-82,23,10.1.20.1,91.6352,18.4696,1.5
39,-82,15,10.1.20.2,98.5205,15.5823,1.5
Node,CST,Tx power,IP address,x,y,z
0,-82,23,10.1.1.1,7.44457,6.34201,1.5
1,-82,15,10.1.1.2,2.04402,1.50285,1.5
2,-82,23,10.1.2.1,17.0059,8.92417,1.5
3,-82,15,10.1.2.2,13.5009,6.74523,1.5
4,-82,23,10.1.3.1,22.9517,1.47232,1.5
5,-82,15,10.1.3.2,20.8328,8.54538,1.5
6,-82,23,10.1.4.1,37.2394,5.12672,1.5
7,-82,15,10.1.4.2,30.9364,9.58068,1.5
8,-82,23,10.1.5.1,41.2504,1.96605,1.5
9,-82,15,10.1.5.2,44.8747,3.2466,1.5
10,-82,23,10.1.6.1,50.002,7.50616,1.5
11,-82,15,10.1.6.2,54.0226,9.73484,1.5
12,-82,23,10.1.7.1,67.8563,4.85068,1.5
13,-82,15,10.1.7.2,61.6114,2.16126,1.5
14,-82,23,10.1.8.1,76.1637,5.75459,1.5
15,-82,15,10.1.8.2,75.7602,4.72925,1.5
16,-82,23,10.1.9.1,80.7935,5.98772,1.5
17,-82,15,10.1.9.2,85.334,6.40341,1.5
18,-82,23,10.1.10.1,95.1446,3.23669,1.5
19,-82,15,10.1.10.2,93.4829,4.68301,1.5
20,-82,23,10.1.11.1,5.09711,15.9896,1.5
21,-82,15,10.1.11.2,1.64763,14.4018,1.5
22,-82,23,10.1.12.1,11.3607,17.374,1.5
23,-82,15,10.1.12.2,18.8494,16.5114,1.5
24,-82,23,10.1.13.1,21.5048,13.0728,1.5
25,-82,15,10.1.13.2,23.7897,11.4433,1.5
26,-82,23,10.1.14.1,35.3286,13.8693,1.5
27,-82,15,10.1.14.2,30.7542,13.1635,1.5
28,-82,23,10.1.15.1,45.481,13.4135,1.5
29,-82,15,10.1.15.2,45.319,15.5869,1.5
30,-82,23,10.1.16.1,50.4684,19.7644,1.5
31,-82,15,10.1.16.2,51.859,10.9253,1.5
32,-82,23,10.1.17.1,68.3457,15.9961,1.5
33,-82,15,10.1.17.2,67.8965,12.9666,1.5
34,-82,23,10.1.18.1,74.6459,10.4789,1.5
35,-82,15,10.1.18.2,77.0116,19.9439,1.5
36,-82,23,10.1.19.1,86.5714,12.9331,1.5
37,-82,15,10.1.19.2,89.322,10.4975,1.5
38,-82,23,10.1.20.1,94.2239,11.6027,1.5
39,-82,15,10.1.20.2,92.0557,10.0288,1.5
Node,CST,Tx power,IP address,x,y,z
0,-82,23,10.1.1.1,5.42092,4.80129,1.5
1,-82,15,10.1.1.2,8.01464,7.4146,1.5
2,-82,23,10.1.2.1,16.2719,4.49062,1.5
3,-82,15,10.1.2.2,15.2492,6.54306,1.5
4,-82,23,10.1.3.1,25.3571,6.77065,1.5
5,-82,15,10.1.3.2,28.6252,9.47495,1.5
6,-82,23,10.1.4.1,31.6434,6.21673,1.5
7,-82,15,10.1.4.2,31.0412,7.89795,1.5
8,-82,23,10.1.5.1,40.2174,4.75668,1.5
9,-82,15,10.1.5.2,43.1662,4.42086,1.5
10,-82,23,10.1.6.1,57.4157,7.53042,1.5
11,-82,15,10.1.6.2,58.5299,7.45392,1.5
12,-82,23,10.1.7.1,61.4162,8.71266,1.5
13,-82,15,10.1.7.2,64.992,7.0762,1.5
14,-82,23,10.1.8.1,77.1982,0.0847266,1.5
15,-82,15,10.1.8.2,70.3926,3.00338,1.5
16,-82,23,10.1.9.1,82.9126,6.05795,1.5
17,-82,15,10.1.9.2,88.8814,6.12691,1.5
18,-82,23,10.1.10.1,99.6067,1.56645,1.5
19,-82,15,10.1.10.2,93.3019,0.974195,1.5
20,-82,23,10.1.11.1,5.40193,18.0305,1.5
21,-82,15,10.1.11.2,1.37993,12.4712,1.5
22,-82,23,10.1.12.1,19.9515,15.5324,1.5
23,-82,15,10.1.12.2,18.9754,14.5819,1.5
24,-82,23,10.1.13.1,20.8172,13.3318,1.5
25,-82,15,10.1.13.2,26.0149,16.7243,1.5
26,-82,23,10.1.14.1,32.7008,15.355,1.5
27,-82,15,10.1.14.2,34.3314,10.2087,1.5
28,-82,23,10.1.15.1,43.9678,17.0066,1.5
29,-82,15,10.1.15.2,46.4417,17.0912,1.5
30,-82,23,10.1.16.1,56.0806,17.5217,1.5
31,-82,15,10.1.16.2,58.9365,13.3967,1.5
32,-82,23,10.1.17.1,64.188,19.9065,1.5
33,-82,15,10.1.17.2,65.4765,11.2646,1.5
34,-82,23,10.1.18.1,76.1747,10.071,1.5
35,-82,15,10.1.18.2,74.1661,14.0065,1.5
36,-82,23,10.1.19.1,86.9859,12.1059,1.5
37,-82,15,10.1.19.2,87.3633,14.0725,1.5
38,-82,23,10.1.20.1,92.5479,19.9068,1.5
39,-82,15,10.1.20.2,96.7645,16.7565,1.5
Node,CST,Tx power,IP address,x,y,z
0,-82,23,10.1.1.1,0.694382,3.70605,1.5
1,-82,15,10.1.1.2,7.77088,8.19904,1.5
2,-82,23,10.1.2.1,16.4436,8.68584,1.5
3,-82,15,10.1.2.2,10.575,8.19341,1.5
4,-82,23,10.1.3.1,25.8657,3.24984,1.5
5,-82,15,10.1.3.2,29.4287,5.63137,1.5
6,-82,23,10.1.4.1,38.0082,9.57218,1.5
7,-82,15,10.1.4.2,32.1597,2.04843,1.5
8,-82,23,10.1.5.1,44.4215,9.15257,1.5
9,-82,15,10.1.5.2,42.6547,3.64745,1.5
10,-82,23,10.1.6.1,52.0022,0.500327,1.5
11,-82,15,10.1.6.2,56.4777,6.4533,1.5
12,-82,23,10.1.7.1,60.5084,4.23145,1.5
13,-82,15,10.1.7.2,66.0483,9.24024,1.5
14,-82,23,10.1.8.1,73.7378,7.50127,1.5
15,-82,15,10.1.8.2,76.4415,9.54263,1.5
16,-82,23,10.1.9.1,87.0738,0.947727,1.5
17,-82,15,10.1.9.2,87.9992,0.210676,1.5
18,-82,23,10.1.10.1,93.3418,9.04716,1.5
19,-82,15,10.1.10.2,98.5192,6.52383,1.5
20,-82,23,10.1.11.1,7.93815,12.8568,1.5
21,-82,15,10.1.11.2,4.41315,15.0968,1.5
22,-82,23,10.1.12.1,19.5155,13.5097,1.5
23,-82,15,10.1.12.2,15.0593,17.7564,1.5
24,-82,23,10.1.13.1,28.6172,18.9626,1.5
25,-82,15,10.1.13.2,24.1648,10.6044,1.5
26,-82,23,10.1.14.1,33.0993,11.7434,1.5
27,-82,15,10.1.14.2,32.5634,17.2385,1.5
28,-82,23,10.1.15.1,49.154,19.6828,1.5
29,-82,15,10.1.15.2,45.9635,17.2006,1.5
30,-82,23,10.1.16.1,52.6016,15.3238,1.5
31,-82,15,10.1.16.2,50.7112,14.8565,1.5
32,-82,23,10.1.17.1,66.5427,19.7693,1.5
33,-82,15,10.1.17.2,62.6564,19.0929,1.5
34,-82,23,10.1.18.1,77.1649,18.8379,1.5
35,-82,15,10.1.18.2,79.6623,15.542,1.5
36,-82,23,10.1.19.1,83.9197,16.0203,1.5
37,-82,15,10.1.19.2,86.8731,12.9774,1.5
38,-82,23,10.1.20.1,90.7457,13.1017,1.5
39,-82,15,10.1.20.2,96.6013,12.347,1.5
Node,CST,Tx power,IP address,x,y,z
0,-82,23,10.1.1.1,5.87744,0.501185,1.5
1,-82,15,10.1.1.2,3.86133,1.53665,1.5
2,-82,23,10.1.2.1,11.2187,0.62537,1.5
3,-82,15,10.1.2.2,15.6748,5.51134,1.5
4,-82,23,10.1.3.1,27.7167,0.729064,1.5
5,-82,15,10.1.3.2,23.6272,6.43741,1.5
6,-82,23,10.1.4.1,33.5828,3.90774,1.5
7,-82,15,10.1.4.2,33.7319,4.09945,1.5
8,-82,23,10.1.5.1,45.8886,8.04084,1.5
9,-82,15,10.1.5.2,46.121,5.23346,1.5
10,-82,23,10.1.6.1,58.1884,8.5936,1.5
11,-82,15,10.1.6.2,58.0074,2.90479,1.5
12,-82,23,10.1.7.1,62.1007,7.2394,1.5
13,-82,15,10.1.7.2,68.9473,4.88149,1.5
14,-82,23,10.1.8.1,75.7904,6.25981,1.5
15,-82,15,10.1.8.2,72.1668,1.94295,1.5
16,-82,23,10.1.9.1,86.9794,2.08997,1.5
17,-82,15,10.1.9.2,82.9128,3.60844,1.5
18,-82,23,10.1.10.1,93.2957,5.37404,1.5
19,-82,15,10.1.10.2,99.0363,2.64721,1.5
20,-82,23,10.1.11.1,7.22002,10.5724,1.5
21,-82,15,10.1.11.2,3.90665,12.9878,1.5
22,-82,23,10.1.12.1,19.8445,18.9914,1.5
23,-82,15,10.1.12.2,16.4461,17.5213,1.5
24,-82,23,10.1.13.1,20.1896,14.5759,1.5
25,-82,15,10.1.13.2,21.7214,19.426,1.5
26,-82,23,10.1.14.1,36.6831,15.9049,1.5
27,-82,15,10.1.14.2,31.3252,15.6813,1.5
28,-82,23,10.1.15.1,48.4138,16.0106,1.5
29,-82,15,10.1.15.2,47.3347,10.7142,1.5
30,-82,23,10.1.16.1,55.3392,18.5537,1.5
31,-82,15,10.1.16.2,50.0609,16.5448,1.5
32,-82,23,10.1.17.1,69.3863,11.8315,1.5
33,-82,15,10.1.17.2,65.9123,17.6622,1.5
34,-82,23,10.1.18.1,70.5446,16.6828,1.5
35,-82,15,10.1.18.2,74.8062,13.8043,1.5
36,-82,23,10.1.19.1,89.8941,14.6134,1.5
37,-82,15,10.1.19.2,82.5622,11.7774,1.5
38,-82,23,10.1.20.1,92.9087,15.844,1.5
39,-82,15,10.1.20.2,97.3027,18.6788,1.5
Node,CST,Tx power,IP address,x,y,z
0,-82,23,10.1.1.1,0.471655,2.20335,1.5
1,-82,15,10.1.1.2,6.92753,1.6646,1.5
2,-82,23,10.1.2.1,17.7562,8.57561,1.5
3,-82,15,10.1.2.2,11.3252,9.28052,1.5
4,-82,23,10.1.3.1,25.048,6.40198,1.5
5,-82,15,10.1.3.2,20.8697,7.3251,1.5
6,-82,23,10.1.4.1,34.194,0.764828,1.5
7,-82,15,10.1.4.2,35.3102,9.63802,1.5
8,-82,23,10.1.5.1,41.4519,4.92145,1.5
9,-82,15,10.1.5.2,45.9524,4.55734,1.5
10,-82,23,10.1.6.1,56.0848,0.0552272,1.5
11,-82,15,10.1.6.2,54.5045,2.23938,1.5
12,-82,23,10.1.7.1,61.7524,7.67106,1.5
13,-82,15,10.1.7.2,63.8446,0.835958,1.5
14,-82,23,10.1.8.1,76.0975,9.41056,1.5
15,-82,15,10.1.8.2,72.6994,8.95372,1.5
16,-82,23,10.1.9.1,83.9493,2.73292,1.5
17,-82,15,10.1.9.2,80.1762,2.88064,1.5
18,-82,23,10.1.10.1,97.7666,8.77739,1.5
19,-82,15,10.1.10.2,94.0478,6.74379,1.5
20,-82,23,10.1.11.1,9.47723,12.1726,1.5
21,-82,15,10.1.11.2,7.96736,10.7006,1.5
22,-82,23,10.1.12.1,17.6101,14.6035,1.5
23,-82,15,10.1.12.2,10.3461,12.3114,1.5
24,-82,23,10.1.13.1,22.8086,16.1324,1.5
25,-82,15,10.1.13.2,26.1194,14.4641,1.5
26,-82,23,10.1.14.1,35.8093,11.5846,1.5
27,-82,15,10.1.14.2,37.4612,14.2638,1.5
28,-82,23,10.1.15.1,48.412,14.1881,1.5
29,-82,15,10.1.15.2,40.2252,19.8998,1.5
30,-82,23,10.1.16.1,58.5804,14.0274,1.5
31,-82,15,10.1.16.2,57.9414,16.5198,1.5
32,-82,23,10.1.17.1,68.8056,10.8803,1.5
33,-82,15,10.1.17.2,60.6875,17.2104,1.5
34,-82,23,10.1.18.1,79.7303,19.8457,1.5
35,-82,15,10.1.18.2,77.8923,17.7575,1.5
36,-82,23,10.1.19.1,86.9704,18.5034,1.5
37,-82,15,10.1.19.2,81.5979,11.0971,1.5
38,-82,23,10.1.20.1,97.4065,11.1543,1.5
39,-82,15,10.1.20.2,93.9568,17.3147,1.5
