Node,Aggregate thput,Throughput,Last agg thput,Last thput,Idle,CCA busy,Tx,Rx,Rx ME ok,Rx SBSS ok,Rx OBSS ok,Rx ME err,Rx SBSS err,Rx OBSS err,Mac Tx packets,Mac Tx bytes,Tx packets,Tx bytes,TxOk packets,TxOk bytes,ACK received,ACK missed,Mac Rx packets,Mac Rx bytes,Mac Rx drop packets,Mac Rx drop bytes
0,282.241,40.7012,284.849,40.1303,2.26482,21.0323,72.4012,4.32953,0.21644,0,0.032952,0.01206,0,4.06808,534988,806761904,376447,567682076,337377,508764516,12097,1351,0,0,0,0
1,0,0,0,0,0.0346511,8.89738,0.52024,90.5703,69.7914,0,0.337952,0.3993,0,20.0416,0,0,0,0,0,0,0,0,365517,551199636,0,0
2,0,26.6396,0,27.2664,1.81309,24.5047,45.2751,28.4651,0.123348,0,0.218688,0.00132,0,28.1217,534996,806773968,235007,354390556,220819,332995052,7891,505,0,0,0,0
3,0,0,0,0,0.0663344,50.2347,0.296628,49.4547,42.6188,0,0.262584,0.574996,0,5.99829,0,0,0,0,0,0,0,0,223898,337638184,0,0
4,0,27.89,0,27.4625,2.18305,1.31779,51.2113,45.2968,0.158532,0,44.4174,0,0,0.720804,535005,806787540,265778,400793224,231184,348625472,8259,1233,0,0,0,0
5,0,0,0,0,0.0148625,4.59774,0.348472,95.0425,44.0155,0,45.1215,0.527076,0,5.3785,0,0,0,0,0,0,0,0,231184,348625472,0,0
6,0,13.0496,0,13.6987,1.15507,67.4632,26.8674,4.57365,0.10458,0,0.0139,0.008316,0,4.44685,535013,806799604,138657,209094756,108170,163120360,3879,1074,0,0,0,0
7,0,0,0,0,0.0693432,69.884,0.228616,29.8774,24.3902,0,0.238804,0.788144,0,4.46025,0,0,0,0,0,0,0,0,127546,192339368,0,0
8,0,27.6617,0,28.5096,2.14759,1.25062,51.0972,45.5082,0.15972,0,44.7459,0,0,0.602648,535022,806813176,265190,399906520,229291,345770828,8194,1278,0,0,0,0
9,0,0,0,0,0.00883109,9.91004,0.34918,89.7355,43.6709,0,44.4944,0.719124,0,0.85112,0,0,0,0,0,0,0,0,229291,345770828,0,0
10,0,28.7379,0,29.1997,2.91549,3.7305,55.0521,38.3935,0.183444,0,0.167564,0.0078,0,38.0347,535031,806826748,285127,429971516,238212,359223696,8511,1674,0,0,0,0
11,0,0,0,0,0.094683,9.50618,0.408412,90.077,48.8342,0,0.397416,1.85295,0,38.9924,0,0,0,0,0,0,0,0,256410,386666280,0,0
12,0,58.6377,0,58.7082,3.16381,0.691151,95.5729,0.577304,0.226476,0,0.003768,0,0,0.34706,535039,806838812,496871,749281468,486055,732970940,17385,362,0,0,0,0
13,0,0,0,0,0.0249966,4.31765,0.581616,95.0755,92.5573,0,0.227692,0.260876,0,2.02971,0,0,0,0,0,0,0,0,486055,732970940,0,0
14,0,58.9231,0,59.8736,2.7958,1.04131,95.8075,0.40446,0.226844,0,0.00154,0,0,0.176076,535048,806852384,498652,751967216,488421,736538868,17460,354,0,0,0,0
15,0,0,0,0,0.0659581,4.5317,0.583264,94.8628,92.9381,0,0.226644,0.393976,0,1.30407,0,0,0,0,0,0,0,0,488421,736538868,0,0
Node,Aggregate thput,Throughput,Last agg thput,Last thput,Idle,CCA busy,Tx,Rx,Rx ME ok,Rx SBSS ok,Rx OBSS ok,Rx ME err,Rx SBSS err,Rx OBSS err,Mac Tx packets,Mac Tx bytes,Tx packets,Tx bytes,TxOk packets,TxOk bytes,ACK received,ACK missed,Mac Rx packets,Mac Rx bytes,Mac Rx drop packets,Mac Rx drop bytes
0,226.981,28.5168,228.571,29.3216,2.49683,1.41387,51.7064,44.4036,0.165384,0,0.346452,7.2e-05,0,43.8917,534988,806761904,268384,404723072,236379,356459532,8894,693,0,0,0,0
1,0,0,0,0,0.0762491,7.51243,0.367964,92.0641,47.4276,0,0.512852,0.682236,0,43.4414,0,0,0,0,0,0,0,0,236517,356667636,0,0
2,0,29.6398,0,31.1245,2.91187,1.59589,55.2407,40.3024,0.177052,0,38.8288,0.001824,0,1.29478,534996,806773968,286327,431781116,245688,370497504,8787,1445,0,0,0,0
3,0,0,0,0,0.0633822,10.268,0.39008,89.3294,47.6182,0,1.71643,1.79951,0,38.1953,0,0,0,0,0,0,0,0,249906,376858248,0,0
4,0,36.2119,0,36.7687,10.7519,0.994082,86.3582,1.96518,0.36534,0,0.005432,0.023832,0,1.57058,535005,806787540,438233,660855364,300165,452648820,10741,4912,0,0,0,0
5,0,0,0,0,0.0944654,11.8238,0.742232,87.4036,67.9359,0,0.244976,1.01194,0,18.2108,0,0,0,0,0,0,0,0,355773,536505684,0,0
6,0,26.572,0,26.1445,4.65992,15.2339,77.444,2.68462,0.401552,0,0.008152,0.055476,0,2.21944,535013,806799604,399284,602120272,220259,332150572,7879,6389,0,0,0,0
7,0,0,0,0,0.0373854,19.2732,0.835352,79.8765,66.7758,0,0.290812,1.46942,0,11.3404,0,0,0,0,0,0,0,0,349838,527555704,0,0
8,0,27.8699,0,27.3081,2.54697,1.40289,51.4057,44.6706,0.161588,0,0.303624,0.000132,0,44.2052,535022,806813176,266785,402311780,231017,348373636,8266,1262,0,0,0,0
9,0,0,0,0,0.0597641,7.83574,0.353328,91.7719,44.1085,0,0.512444,3.28491,0,43.8661,0,0,0,0,0,0,0,0,231320,348830560,0,0
10,0,7.93908,0,8.7464,1.58721,5.66298,22.4671,70.295,0.114476,0,0.273452,0.012024,0,69.895,535031,806826748,115347,173943276,65808,99238464,2356,1768,0,0,0,0
11,0,0,0,0,0.00978021,13.3218,0.242308,86.4331,17.4423,0,0.477616,2.59811,0,65.915,0,0,0,0,0,0,0,0,91278,137647224,0,0
12,0,24.0882,0,23.6032,2.87958,1.7789,45.3637,50.034,0.148428,0,48.9687,0,0,0.916828,535039,806838812,234864,354174912,199670,301102360,7145,1243,0,0,0,0
13,0,0,0,0,0.106178,7.95722,0.320508,91.6669,38.0886,0,24.6806,3.53514,0,25.3626,0,0,0,0,0,0,0,0,199670,301102360,0,0
14,0,46.1434,0,45.5543,2.69591,1.31342,77.9798,18.0178,0.209676,0,0.28434,0.000576,0,17.5232,535048,806852384,405720,611825760,382488,576791904,13665,825,0,0,0,0
15,0,0,0,0,0.0137721,6.61858,0.505596,92.869,73.0328,0,0.501572,2.02844,0,17.3062,0,0,0,0,0,0,0,0,383763,578714604,0,0
Node,Aggregate thput,Throughput,Last agg thput,Last thput,Idle,CCA busy,Tx,Rx,Rx ME ok,Rx SBSS ok,Rx OBSS ok,Rx ME err,Rx SBSS err,Rx OBSS err,Mac Tx packets,Mac Tx bytes,Tx packets,Tx bytes,TxOk packets,TxOk bytes,ACK received,ACK missed,Mac Rx packets,Mac Rx bytes,Mac Rx drop packets,Mac Rx drop bytes
0,285.481,50.7259,290.028,51.7467,2.86742,0.747845,88.4915,7.91644,0.249828,0,5.4929,0.009396,0,2.16432,534988,806761904,460384,694259072,420473,634073284,15019,1424,0,0,0,0
1,0,0,0,0,0.0325112,6.64196,0.604432,92.739,84.1835,0,5.58223,0.394168,0,2.57917,0,0,0,0,0,0,0,0,442394,667130152,0,0
2,0,29.9105,0,30.1467,2.55051,1.30179,52.0561,44.1217,0.164352,0,0.28374,0.000132,0,43.6735,534996,806773968,270126,407350008,247932,373881456,8892,757,0,0,0,0
3,0,0,0,0,0.0356913,47.5904,0.366732,52.032,47.4482,0,0.240504,0.506924,0,3.83636,0,0,0,0,0,0,0,0,248268,374388144,0,0
4,0,1.58823,0,1.45251,1.09665,4.58462,8.82045,85.5162,0.059316,0,5.46949,0.006132,0,79.9813,535005,806787540,44306,66813448,13165,19852820,471,1113,0,0,0,0
5,0,0,0,0,0.0324744,6.67341,0.115096,93.1969,5.27777,0,3.1182,2.38686,0,82.4141,0,0,0,0,0,0,0,0,27469,41423252,0,0
6,0,29.6791,0,29.9658,2.45756,1.82894,51.59,44.1488,0.165264,0,0.267352,0.000312,0,43.7158,535013,806799604,267776,403806208,246014,370989112,8848,717,0,0,0,0
7,0,0,0,0,0.0241095,47.8499,0.36774,51.7782,47.3001,0,0.247176,0.561308,0,3.66956,0,0,0,0,0,0,0,0,246796,372168368,0,0
8,0,27.9107,0,28.3003,2.49054,1.69117,51.2073,44.6358,0.160308,0,0.284236,0.00018,0,44.1911,535022,806813176,265806,400835448,231355,348883340,8267,1227,0,0,0,0
9,0,0,0,0,0.028028,7.36208,0.351656,92.2831,44.1392,0,0.518264,3.61006,0,44.0155,0,0,0,0,0,0,0,0,231763,349498604,0,0
10,0,29.6811,0,30.0544,2.43624,1.67245,51.5076,44.4036,0.161908,0,0.2755,0.000324,0,43.9659,535031,806826748,267402,403242216,246030,371013240,8829,723,0,0,0,0
11,0,0,0,0,0.0254256,7.56539,0.362672,92.0664,47.1811,0,0.50366,0.6655,0,43.7162,0,0,0,0,0,0,0,0,246786,372153288,0,0
12,0,56.8956,0,58.1841,3.77841,1.0944,94.3766,0.808984,0.234292,0,0.00386,0.002304,0,0.568528,535039,806838812,489880,738739040,471615,711195420,16853,647,0,0,0,0
13,0,0,0,0,0.119117,5.02656,0.59092,94.3165,90.7583,0,0.246816,0.2662,0,3.04515,0,0,0,0,0,0,0,0,476875,719127500,0,0
14,0,59.09,0,60.1776,2.7692,0.849601,95.8852,0.50002,0.226,0,0.00246,0,0,0.27156,535048,806852384,499121,752674468,489804,738624432,17510,325,0,0,0,0
15,0,0,0,0,0.029878,4.41732,0.58282,94.9687,93.1806,0,0.231804,0.34606,0,1.21021,0,0,0,0,0,0,0,0,489804,738624432,0,0
Node,Aggregate thput,Throughput,Last agg thput,Last thput,Idle,CCA busy,Tx,Rx,Rx ME ok,Rx SBSS ok,Rx OBSS ok,Rx ME err,Rx SBSS err,Rx OBSS err,Mac Tx packets,Mac Tx bytes,Tx packets,Tx bytes,TxOk packets,TxOk bytes,ACK received,ACK missed,Mac Rx packets,Mac Rx bytes,Mac Rx drop packets,Mac Rx drop bytes
0,258.406,35.7414,259.257,34.0995,2.90627,14.8258,81.8832,0.483204,0.348924,0,0.000308,0.048552,0,0.08542,534988,806761904,424989,640883412,296265,446767620,10569,4611,0,0,0,0
1,0,0,0,0,0.0975927,19.7106,0.782444,79.5026,77.9981,0,0.228676,0.681856,0,0.593892,0,0,0,0,0,0,0,0,409294,617215352,0,0
2,0,17.7375,0,18.9797,2.47942,3.79751,41.0443,52.7326,0.179104,0,0.28242,0.008952,0,52.2622,534996,806773968,212158,319934264,147028,221718224,5406,2173,0,0,0,0
3,0,0,0,0,0.0593809,48.8722,0.358696,50.7636,32.8287,0,0.305184,1.8421,0,15.7877,0,0,0,0,0,0,0,0,167670,252846360,0,0
4,0,58.5209,0,59.4345,2.78497,0.990025,95.8558,0.392272,0.231544,0,0.000452,4.8e-05,0,0.160228,535005,806787540,498918,752368344,485087,731511196,17328,492,0,0,0,0
5,0,0,0,0,0.0391914,5.6819,0.588072,93.7086,92.28,0,0.22682,0.393976,0,0.807784,0,0,0,0,0,0,0,0,485199,731680092,0,0
6,0,33.787,0,33.1838,2.86789,1.49695,59.8885,35.8059,0.182808,0,0.419736,0.00048,0,35.2028,535013,806799604,311008,469000064,280065,422338020,10010,1098,0,0,0,0
7,0,0,0,0,0.042329,7.36821,0.410476,92.2132,53.5533,0,0.633124,3.04229,0,34.9845,0,0,0,0,0,0,0,0,281178,424016424,0,0
8,0,19.3318,0,19.2976,2.2728,7.30365,40.6662,49.7614,0.156224,0,0.210116,0.009636,0,49.3855,535022,806813176,210548,317506384,160244,241647952,5723,1798,0,0,0,0
9,0,0,0,0,0.00265475,13.8868,0.33286,85.7764,34.805,0,0.433296,1.82081,0,48.7173,0,0,0,0,0,0,0,0,182671,275467868,0,0
10,0,57.6313,0,58.8265,3.2943,0.699733,94.887,1.14829,0.231504,0,0.095588,0.001032,0,0.820168,535031,806826748,493170,743700360,477713,720391204,17064,551,0,0,0,0
11,0,0,0,0,0.0511036,4.82107,0.586676,94.5652,91.3267,0,0.36048,0.27742,0,2.6006,0,0,0,0,0,0,0,0,480121,724022468,0,0
12,0,0.418862,0,0,0.13954,93.572,1.14496,4.84152,0.004596,0,0.013992,0.000144,0,4.82279,82856,124946848,5136,7745088,3472,5235776,119,66,0,0,0,0
13,0,0,0,0,0.0286024,92.6456,0.00868,7.01499,0.69982,0,0.159364,0.220568,0,5.93524,0,0,0,0,0,0,0,0,3643,5493644,0,0
14,0,35.2373,0,35.435,2.32569,26.6435,61.3718,9.6577,0.194364,0,0.080676,0.003672,0,9.37898,535048,806852384,318780,480720240,292086,440465688,10533,853,0,0,0,0
15,0,0,0,0,0.00603261,39.7555,0.443136,59.7939,57.7525,0,0.233092,0.564344,0,1.24402,0,0,0,0,0,0,0,0,300614,453325912,0,0
Node,Aggregate thput,Throughput,Last agg thput,Last thput,Idle,CCA busy,Tx,Rx,Rx ME ok,Rx SBSS ok,Rx OBSS ok,Rx ME err,Rx SBSS err,Rx OBSS err,Mac Tx packets,Mac Tx bytes,Tx packets,Tx bytes,TxOk packets,TxOk bytes,ACK received,ACK missed,Mac Rx packets,Mac Rx bytes,Mac Rx drop packets,Mac Rx drop bytes
0,329.275,59.597,330.637,60.1945,2.60564,0.792564,96.1541,0.470716,0.22382,0,0.001212,0,0,0.245684,534988,806761904,500748,755127984,494007,744962556,17656,231,0,0,0,0
1,0,0,0,0,0.0406061,4.33902,0.581952,95.0561,93.9928,0,0.228748,0.2662,0,0.568372,0,0,0,0,0,0,0,0,494035,745004780,0,0
2,0,0.506326,0,0,0.273453,5.09508,1.36742,93.3243,0.00516,0,0.312968,0.000276,0,93.0059,28084,42350672,6167,9299836,4197,6329076,150,72,0,0,0,0
3,0,0,0,0,0.0737736,5.61244,0.010716,94.3633,0.891952,0,0.443052,0.13976,0,92.8886,0,0,0,0,0,0,0,0,4642,7000136,0,0
4,0,58.91,0,59.4514,2.50036,1.31514,96.0023,0.229092,0.229092,0,0,0,0,0,535005,806787540,500072,754108576,488312,736374496,17471,393,0,0,0,0
5,0,0,0,0,0.0660602,5.85893,0.586644,93.53,93.0125,0,0.224436,0.293012,0,0,0,0,0,0,0,0,0,0,488312,736374496,0,0
6,0,27.2345,0,27.0234,3.68277,21.8215,71.6414,2.86369,0.346412,0,0.01064,0.004248,0,2.50239,535013,806799604,370526,558753208,225750,340431000,8132,5109,0,0,0,0
7,0,0,0,0,0.099404,22.3997,0.62406,76.8841,45.3186,0,0.381944,0.846516,0,30.3371,0,0,0,0,0,0,0,0,235331,354879148,0,0
8,0,54.9516,0,55.904,2.9603,1.15445,95.5221,0.458492,0.266772,0,0.001032,0.011568,0,0.17912,535022,806813176,497142,749690136,455501,686895508,16267,1488,0,0,0,0
9,0,0,0,0,0.0995361,6.53158,0.652812,92.8061,91.7968,0,0.224192,0.176076,0,0.608996,0,0,0,0,0,0,0,0,482486,727588888,0,0
10,0,59.2896,0,60.2271,2.53706,0.660981,95.6107,1.25688,0.222608,0,0.240052,0.000552,0,0.793668,535031,806826748,498064,751080512,491459,741120172,17559,233,0,0,0,0
11,0,0,0,0,0.0751128,4.08605,0.580456,95.3187,93.7215,0,0.459132,0.24494,0,0.893056,0,0,0,0,0,0,0,0,492747,743062476,0,0
12,0,59.7413,0,60.4985,2.50715,0.908592,96.2453,0.368148,0.222824,0,0.000868,0,0,0.144456,535039,806838812,501350,756035800,495203,746766124,17689,219,0,0,0,0
13,0,0,0,0,0.0387883,4.39044,0.581136,95.0135,94.1755,0,0.229168,0.31944,0,0.28942,0,0,0,0,0,0,0,0,495203,746766124,0,0
14,0,9.0451,0,7.33793,2.21485,40.6321,47.4455,9.7164,0.333444,0,0.037008,0.061644,0,9.28431,535048,806852384,244610,368871880,74976,113063808,2687,6050,0,0,0,0
15,0,0,0,0,0.0179032,29.2517,0.683372,70.0544,42.2079,0,0.408612,2.59317,0,24.8446,0,0,0,0,0,0,0,0,218529,329541732,0,0
Node,Aggregate thput,Throughput,Last agg thput,Last thput,Idle,CCA busy,Tx,Rx,Rx ME ok,Rx SBSS ok,Rx OBSS ok,Rx ME err,Rx SBSS err,Rx OBSS err,Mac Tx packets,Mac Tx bytes,Tx packets,Tx bytes,TxOk packets,TxOk bytes,ACK received,ACK missed,Mac Rx packets,Mac Rx bytes,Mac Rx drop packets,Mac Rx drop bytes
0,350.326,59.8266,354.078,60.3803,2.49265,0.980851,96.3391,0.26038,0.222876,0,0.000236,0,0,0.037268,534988,806761904,501887,756845596,495910,747832280,17733,197,0,0,0,0
1,0,0,0,0,0.0965374,4.29718,0.581768,95.0922,94.3987,0,0.229464,0.367548,0,0.096532,0,0,0,0,0,0,0,0,495938,747874504,0,0
2,0,28.243,0,28.6617,2.12899,1.2455,51.5016,45.1226,0.1574,0,44.9492,0,0,0.015972,534996,806773968,267341,403150228,234110,353037880,8373,1177,0,0,0,0
3,0,0,0,0,0.00623359,9.68432,0.34858,89.9597,44.6093,0,43.9395,0.457864,0,0.952996,0,0,0,0,0,0,0,0,234110,353037880,0,0
4,0,59.1102,0,59.8736,2.59211,0.844745,96.3317,0.338016,0.230136,0,0.000344,0.002388,0,0.105148,535005,806787540,501770,756669160,489972,738877776,17502,420,0,0,0,0
5,0,0,0,0,0.106645,4.34578,0.594924,95.0539,94.2552,0,0.227392,0.342644,0,0.228616,0,0,0,0,0,0,0,0,495544,747280352,0,0
6,0,27.3406,0,28.605,2.83941,1.4397,50.5382,45.2345,0.16068,0,0.447172,0.000156,0,44.6265,535013,806799604,262012,395114096,226630,341758040,8102,1258,0,0,0,0
7,0,0,0,0,0.147766,7.2394,0.35352,92.3112,43.2484,0,0.603452,3.47524,0,44.9841,0,0,0,0,0,0,0,0,226986,342294888,0,0
8,0,59.7723,0,60.3465,2.60093,0.982399,96.223,0.292408,0.22262,0,0,0,0,0.069788,535022,806813176,501257,755895556,495460,747153680,17696,206,0,0,0,0
9,0,0,0,0,0.1022,4.52384,0.58082,94.8866,94.2161,0,0.228864,0.218284,0,0.223364,0,0,0,0,0,0,0,0,495460,747153680,0,0
10,0,27.5485,0,27.5132,2.10249,1.318,50.764,45.8197,0.158256,0,45.6454,0,0,0.015972,535031,806826748,263467,397308236,228353,344356324,8164,1247,0,0,0,0
11,0,0,0,0,0.00762492,9.70131,0.346688,89.9432,43.5026,0,45.0138,0.85184,0,0.574992,0,0,0,0,0,0,0,0,228353,344356324,0,0
12,0,28.5733,0,28.1489,2.89218,1.39758,52.612,43.1554,0.165024,0,0.37142,0.000156,0,42.6188,535039,806838812,272845,411450260,236848,357166784,8464,1283,0,0,0,0
13,0,0,0,0,0.0770902,7.62905,0.364764,91.981,45.1717,0,2.01036,3.39714,0,41.4017,0,0,0,0,0,0,0,0,237205,357705140,0,0
14,0,59.9118,0,60.5492,2.47583,0.760321,96.4549,0.314088,0.22308,0,0.000308,0,0,0.0907,535048,806852384,502443,757684044,496616,748896928,17754,197,0,0,0,0
15,0,0,0,0,0.0202298,4.09337,0.582404,95.3038,94.5,0,0.22832,0.340736,0,0.234756,0,0,0,0,0,0,0,0,496647,748943676,0,0
Node,Aggregate thput,Throughput,Last agg thput,Last thput,Idle,CCA busy,Tx,Rx,Rx ME ok,Rx SBSS ok,Rx OBSS ok,Rx ME err,Rx SBSS err,Rx OBSS err,Mac Tx packets,Mac Tx bytes,Tx packets,Tx bytes,TxOk packets,TxOk bytes,ACK received,ACK missed,Mac Rx packets,Mac Rx bytes,Mac Rx drop packets,Mac Rx drop bytes
0,350.974,59.9553,354.75,60.6168,2.43191,0.962901,96.3419,0.274184,0.220752,0,0,0,0,0.053432,534988,806761904,501913,756884804,496977,749441316,17788,145,0,0,0,0
1,0,0,0,0,0.152706,3.8527,0.579616,95.4205,94.6791,0,0.229664,0.404816,0,0.106908,0,0,0,0,0,0,0,0,497005,749483540,0,0
2,0,29.0183,0,28.2943,2.66018,1.33792,52.6952,43.3592,0.163268,0,0.4231,0.000156,0,42.7726,534996,806773968,273532,412486256,240536,362728288,8602,1171,0,0,0,0
3,0,0,0,0,0.0559005,7.2309,0.363488,92.3968,45.8301,0,0.647768,3.22688,0,42.6921,0,0,0,0,0,0,0,0,240564,362770512,0,0
4,0,59.0487,0,59.8399,2.64764,0.753402,96.1347,0.46616,0.228748,0,0.00174,0.00138,0,0.234292,535005,806787540,500549,754827892,489462,738108696,17491,393,0,0,0,0
5,0,0,0,0,0.0131764,4.32524,0.59014,95.068,93.7099,0,0.2292,0.314116,0,0.81478,0,0,0,0,0,0,0,0,492710,743006680,0,0
6,0,27.2671,0,28.4348,2.3695,1.9168,50.1513,45.6095,0.157356,0,0.499992,0.000528,0,44.9516,535013,806799604,260182,392354456,226020,340838160,8081,1213,0,0,0,0
7,0,0,0,0,0.0579549,7.72139,0.349236,91.9186,43.1569,0,0.626544,3.09406,0,45.0411,0,0,0,0,0,0,0,0,226462,341504696,0,0
8,0,59.8687,0,60.431,2.5027,0.596378,96.5114,0.451616,0.223612,0,0.00212,0.00018,0,0.225704,535022,806813176,502767,758172636,496259,748358572,17731,226,0,0,0,0
9,0,0,0,0,0.0691822,4.22031,0.583232,95.184,94.477,0,0.230332,0.298144,0,0.178568,0,0,0,0,0,0,0,0,496679,748991932,0,0
10,0,27.74,0,28.1658,2.67017,1.31966,51.2187,44.7982,0.161608,0,0.308324,0.000372,0,44.3279,535031,806826748,265671,400631868,229940,346749520,8220,1271,0,0,0,0
11,0,0,0,0,0.0331227,7.36111,0.35324,92.2539,43.9604,0,0.574628,3.11986,0,44.5991,0,0,0,0,0,0,0,0,230778,348013224,0,0
12,0,28.3281,0,28.4348,2.53118,1.50683,51.6787,44.2847,0.160524,0,0.295236,0.000132,0,43.8288,535039,806838812,268225,404483300,234815,354101020,8393,1188,0,0,0,0
13,0,0,0,0,0.032888,6.85554,0.353756,92.7592,44.7931,0,0.531028,3.64713,0,43.788,0,0,0,0,0,0,0,0,235142,354594136,0,0
14,0,59.7476,0,60.5323,2.42527,1.13379,96.1915,0.270092,0.221996,0,0.00018,0,0,0.047916,535048,806852384,501115,755681420,495255,746844540,17708,198,0,0,0,0
15,0,0,0,0,0.0357939,4.46397,0.580148,94.9354,94.2364,0,0.230152,0.362032,0,0.106752,0,0,0,0,0,0,0,0,495255,746844540,0,0
Node,Aggregate thput,Throughput,Last agg thput,Last thput,Idle,CCA busy,Tx,Rx,Rx ME ok,Rx SBSS ok,Rx OBSS ok,Rx ME err,Rx SBSS err,Rx OBSS err,Mac Tx packets,Mac Tx bytes,Tx packets,Tx bytes,TxOk packets,TxOk bytes,ACK received,ACK missed,Mac Rx packets,Mac Rx bytes,Mac Rx drop packets,Mac Rx drop bytes
0,279.428,9.81262,279.405,9.4069,2.61554,45.6661,47.9231,3.87807,0.326008,0,0.012688,0.052536,0,3.48684,534988,806761904,246846,372243768,81338,122657704,2920,5903,0,0,0,0
1,0,0,0,0,0.0847735,29.1592,0.64776,70.1833,39.1886,0,0.423288,2.57301,0,27.9984,0,0,0,0,0,0,0,0,204002,307635016,0,0
2,0,57.7231,0,59.5358,3.899,0.58857,94.8574,0.714976,0.228952,0,0.00154,0,0,0.484484,534996,806773968,492290,742373320,478474,721538792,17108,485,0,0,0,0
3,0,0,0,0,0.103936,4.64277,0.580972,94.7323,91.0422,0,0.222104,0.340736,0,3.12727,0,0,0,0,0,0,0,0,478474,721538792,0,0
4,0,12.1914,0,12.1714,1.2782,17.7269,23.4374,57.5544,0.084468,0,0.782676,0.000828,0,56.6865,535005,806787540,120849,182240292,101056,152392448,3615,702,0,0,0,0
5,0,0,0,0,0.0125947,20.4411,0.17814,79.3652,19.6349,0,0.722,2.11382,0,56.8945,0,0,0,0,0,0,0,0,102862,155115896,0,0
6,0,59.451,0,60.3634,2.54871,0.920802,96.1641,0.375168,0.225948,0,0.000108,0,0,0.149112,535013,806799604,500872,755314976,492797,743137876,17601,287,0,0,0,0
7,0,0,0,0,0.0178652,4.84457,0.584108,94.5569,93.7188,0,0.22832,0.352908,0,0.256944,0,0,0,0,0,0,0,0,492797,743137876,0,0
8,0,59.7625,0,60.0594,2.4826,0.836449,96.4679,0.2467,0.225132,0,0.000272,0,0,0.021296,535022,806813176,502543,757834844,495379,747031532,17697,251,0,0,0,0
9,0,0,0,0,0.0406971,4.61129,0.584392,94.7919,94.2229,0,0.227812,0.260876,0,0.080368,0,0,0,0,0,0,0,0,495379,747031532,0,0
10,0,18.5063,0,17.7745,3.92769,18.5893,56.431,21.0544,0.30246,0,0.707228,0.041844,0,20.0028,535031,806826748,290110,437485880,153401,231328708,5481,4880,0,0,0,0
11,0,0,0,0,0.0116767,23.695,0.625216,75.6651,47.9937,0,14.2894,1.49643,0,11.8856,0,0,0,0,0,0,0,0,251335,379013180,0,0
12,0,28.3661,0,27.3406,5.62536,19.0114,73.088,2.35565,0.347112,0,0.018976,0.009024,0,1.98054,535039,806838812,375591,566391228,235130,354576040,8418,4998,0,0,0,0
13,0,0,0,0,0.224547,20.5513,0.64214,78.6571,49.0163,0,0.408552,0.91516,0,28.3171,0,0,0,0,0,0,0,0,256106,386207848,0,0
14,0,33.6154,0,32.7526,6.80783,2.94665,70.2594,19.9891,0.258936,0,0.1936,0.007992,0,19.5286,535048,806852384,359352,541902816,278642,420192136,10002,2836,0,0,0,0
15,0,0,0,0,0.0188934,13.6366,0.538168,85.804,56.8829,0,0.42972,0.654852,0,27.8365,0,0,0,0,0,0,0,0,297230,448222840,0,0
Node,Aggregate thput,Throughput,Last agg thput,Last thput,Idle,CCA busy,Tx,Rx,Rx ME ok,Rx SBSS ok,Rx OBSS ok,Rx ME err,Rx SBSS err,Rx OBSS err,Mac Tx packets,Mac Tx bytes,Tx packets,Tx bytes,TxOk packets,TxOk bytes,ACK received,ACK missed,Mac Rx packets,Mac Rx bytes,Mac Rx drop packets,Mac Rx drop bytes
0,266.212,25.9608,268.808,26.0794,3.38911,3.12608,50.0072,43.4774,0.172008,0,5.1289,0.00144,0,38.1751,534988,806761904,258609,389982372,215192,324509536,7690,1547,0,0,0,0
1,0,0,0,0,0.0212085,9.69529,0.36492,89.9184,41.6997,0,0.986144,3.37028,0,43.8623,0,0,0,0,0,0,0,0,218844,330016752,0,0
2,0,40.2922,0,40.1098,2.9572,8.9375,83.042,5.11635,0.310724,0,0.163928,0.035964,0,4.60573,534996,806773968,431245,650317460,333987,503652396,11934,3473,0,0,0,0
3,0,0,0,0,0.0742425,16.2243,0.715304,83.0517,79.6056,0,0.290564,0.516428,0,2.63907,0,0,0,0,0,0,0,0,417926,630232408,0,0
4,0,25.7483,0,25.6149,2.29142,1.73204,47.6892,48.3158,0.152508,0,0.310092,0.000804,0,47.8524,535005,806787540,247374,373039992,213431,321853948,7629,1211,0,0,0,0
5,0,0,0,0,0.0344495,7.298,0.336244,92.3598,40.7066,0,0.60146,3.44029,0,47.6114,0,0,0,0,0,0,0,0,213759,322348572,0,0
6,0,30.3704,0,31.2029,2.66834,1.34174,55.2833,40.7404,0.170952,0,0.370996,0,0,40.1985,535013,806799604,286948,432717584,251744,379629952,8994,1255,0,0,0,0
7,0,0,0,0,0.0375702,8.11688,0.377636,91.4964,47.9316,0,4.64088,2.6468,0,36.2771,0,0,0,0,0,0,0,0,251744,379629952,0,0
8,0,59.543,0,60.4141,2.45762,1.11067,96.2371,0.235488,0.22484,0,0,0,0,0.010648,535022,806813176,501343,756025244,493559,744286972,17645,261,0,0,0,0
9,0,0,0,0,0.0506259,4.92767,0.583264,94.474,93.9524,0,0.228284,0.271524,0,0.021804,0,0,0,0,0,0,0,0,493559,744286972,0,0
10,0,21.9603,0,21.1416,3.72562,3.02165,45.639,47.6189,0.172064,0,0.575852,0.001404,0,46.8695,535031,806826748,235252,354760016,182032,274504256,6511,1895,0,0,0,0
11,0,0,0,0,0.0229647,11.6007,0.345336,88.0308,35.3407,0,0.719688,2.72056,0,49.2499,0,0,0,0,0,0,0,0,185269,279385652,0,0
12,0,59.3591,0,60.1608,2.5513,0.76407,96.0604,0.653964,0.225032,0,0.003012,0,0,0.42592,535039,806838812,500298,754449384,492035,741988780,17585,287,0,0,0,0
13,0,0,0,0,0.0706355,4.64565,0.582636,94.7255,93.6207,0,0.23006,0.34606,0,0.528636,0,0,0,0,0,0,0,0,492053,742015924,0,0
14,0,2.97812,0,4.08427,0.5499,12.4103,6.88633,80.1533,0.029028,0,4.71878,0.000144,0,75.4054,535048,806852384,34530,52071240,24686,37226488,883,352,0,0,0,0
15,0,0,0,0,0.00922999,12.8358,0.0557,87.0991,4.78992,0,4.97688,1.20997,0,76.1223,0,0,0,0,0,0,0,0,25046,37769368,0,0
Node,Aggregate thput,Throughput,Last agg thput,Last thput,Idle,CCA busy,Tx,Rx,Rx ME ok,Rx SBSS ok,Rx OBSS ok,Rx ME err,Rx SBSS err,Rx OBSS err,Mac Tx packets,Mac Tx bytes,Tx packets,Tx bytes,TxOk packets,TxOk bytes,ACK received,ACK missed,Mac Rx packets,Mac Rx bytes,Mac Rx drop packets,Mac Rx drop bytes
0,351.923,59.6091,355.943,60.4479,2.75987,0.627496,96.2327,0.480148,0.223816,0,0.00078,0,0,0.255552,534988,806761904,501077,755624116,494107,745113356,17664,244,0,0,0,0
1,0,0,0,0,0.106202,4.0523,0.582036,95.3543,93.9861,0,0.226448,0.149076,0,0.992732,0,0,0,0,0,0,0,0,494107,745113356,0,0
2,0,22.8718,0,22.5904,2.62899,2.36117,47.1182,47.9707,0.17742,0,0.360816,0.010236,0,47.4222,534996,806773968,244201,368255108,189587,285897196,6773,1950,0,0,0,0
3,0,0,0,0,0.078179,7.77229,0.380624,91.8426,40.7262,0,0.582912,3.25867,0,47.2748,0,0,0,0,0,0,0,0,213744,322325952,0,0
4,0,0.109179,0,0,0.169163,55.1318,0.495396,44.2746,0.00186,0,0.297216,0.000204,0,43.9753,37346,56317768,1765,2661620,905,1364740,31,33,0,0,0,0
5,0,0,0,0,0.0758172,48.1457,0.00394,51.8464,0.19314,0,0.246328,0.106672,0,51.3002,0,0,0,0,0,0,0,0,961,1449188,0,0
6,0,60.1565,0,60.7181,2.50039,0.818306,96.521,0.231572,0.220852,0,7.2e-05,0,0,0.010648,535013,806799604,502858,758309864,498645,751956660,17829,141,0,0,0,0
7,0,0,0,0,0.0801015,4.04529,0.580344,95.3602,94.8694,0,0.229444,0.196988,0,0.06436,0,0,0,0,0,0,0,0,498673,751998884,0,0
8,0,30.3734,0,30.9617,2.68285,1.72293,55.1009,40.5671,0.172224,0,0.3064,0.001752,0,40.0867,535022,806813176,286116,431462928,251769,379667652,8996,1224,0,0,0,0
9,0,0,0,0,0.0792023,7.44857,0.383596,92.1623,48.7202,0,0.531372,3.18071,0,39.73,0,0,0,0,0,0,0,0,255840,385806720,0,0
10,0,59.7868,0,60.4141,2.56702,0.868806,96.3239,0.335296,0.223004,0,0.000416,7.2e-05,0,0.111804,535031,806826748,501776,756678208,495580,747334640,17712,217,0,0,0,0
11,0,0,0,0,0.0991008,4.361,0.581796,95.0478,94.2883,0,0.229588,0.298144,0,0.2318,0,0,0,0,0,0,0,0,495748,747587984,0,0
12,0,59.7351,0,60.4817,2.50871,1.02303,96.1919,0.29508,0.222384,0,0.000272,0.000168,0,0.072256,535039,806838812,501092,755646736,495152,746689216,17684,213,0,0,0,0
13,0,0,0,0,0.0236193,4.41364,0.580784,94.9953,94.2371,0,0.2289,0.346252,0,0.183088,0,0,0,0,0,0,0,0,495572,747322576,0,0
14,0,59.2813,0,60.3297,2.53001,1.07961,95.96,0.507704,0.225588,0,0.083472,0.000936,0,0.197708,535048,806852384,499867,753799436,491390,741016120,17551,303,0,0,0,0
15,0,0,0,0,0.0781311,4.57383,0.585344,94.8347,93.864,0,0.303884,0.415272,0,0.251476,0,0,0,0,0,0,0,0,493462,744140696,0,0
Node,Aggregate thput,Throughput,Last agg thput,Last thput,Idle,CCA busy,Tx,Rx,Rx ME ok,Rx SBSS ok,Rx OBSS ok,Rx ME err,Rx SBSS err,Rx OBSS err,Mac Tx packets,Mac Tx bytes,Tx packets,Tx bytes,TxOk packets,TxOk bytes,ACK received,ACK missed,Mac Rx packets,Mac Rx bytes,Mac Rx drop packets,Mac Rx drop bytes
0,231.306,58.5705,234.654,59.8567,3.46293,0.584772,95.3364,0.626088,0.224976,0,0.003136,0,0,0.397976,534988,806761904,495325,746950100,485498,732130984,17348,343,0,0,0,0
1,0,0,0,0,0.165644,3.93951,0.578936,95.3208,92.3734,0,0.230056,0.490764,0,2.22661,0,0,0,0,0,0,0,0,485498,732130984,0,0
2,0,28.8541,0,28.5446,2.69383,1.79395,50.8701,44.6689,0.163128,0,0.299756,0.000144,0,44.2058,534996,806773968,263769,397763652,239175,360675900,8726,695,0,0,0,0
3,0,0,0,0,0.0744585,7.53493,0.362508,92.0496,46.5612,0,0.503592,0.3569,0,44.6279,0,0,0,0,0,0,0,0,239500,361166000,0,0
4,0,21.2404,0,20.5384,2.32106,3.88234,38.7067,55.1022,0.131156,0,1.06831,0.001632,0,53.9011,535005,806787540,200576,302468608,176064,265504512,6666,502,0,0,0,0
5,0,0,0,0,1.87726,6.65065,0.290312,91.194,36.2466,0,0.839304,1.65576,0,52.4524,0,0,0,0,0,0,0,0,179847,271209276,0,0
6,0,29.7468,0,31.1106,2.75727,1.49972,51.9371,43.8274,0.145156,0,0.299284,0.000192,0,43.3828,535013,806799604,269447,406326076,246575,371835100,8813,814,0,0,0,0
7,0,0,0,0,0.235462,34.572,0.338516,64.9287,47.0198,0,0.323464,0.793276,0,16.7921,0,0,0,0,0,0,0,0,247000,372476000,0,0
8,0,18.8802,0,18.8512,2.32578,3.09083,35.9013,58.6996,0.12312,0,0.641992,0.001548,0,57.933,535022,806813176,185893,280326644,156500,236002000,5856,783,0,0,0,0
9,0,0,0,0,0.102917,10.6428,0.266892,88.9996,31.92,0,0.766208,1.51753,0,54.7959,0,0,0,0,0,0,0,0,159668,240779344,0,0
10,0,27.83,0,28.316,2.59347,1.51132,51.0688,44.8526,0.160524,0,0.394536,0.000144,0,44.2974,535031,806826748,264965,399567220,230686,347874488,8249,1215,0,0,0,0
11,0,0,0,0,0.130031,6.9032,0.351596,92.6413,44.0278,0,0.959088,3.16801,0,44.4865,0,0,0,0,0,0,0,0,230929,348240932,0,0
12,0,28.8562,0,28.9271,2.5129,1.47131,52.5756,43.4716,0.16284,0,0.330396,0.000204,0,42.9782,535039,806838812,272949,411607092,239193,360703044,8570,1180,0,0,0,0
13,0,0,0,0,0.509995,5.66691,0.359916,93.4893,45.763,0,0.594688,4.105,0,43.0267,0,0,0,0,0,0,0,0,239546,361235368,0,0
14,0,17.3279,0,18.5098,2.41116,6.1378,35.1457,56.3176,0.134904,0,1.03744,0.000396,0,55.1448,535048,806852384,181781,274125748,143633,216598564,5462,1032,0,0,0,0
15,0,0,0,0,0.143091,8.47641,0.274336,91.1184,29.3031,0,1.64573,3.12533,0,57.0442,0,0,0,0,0,0,0,0,144578,218023624,0,0
Node,Aggregate thput,Throughput,Last agg thput,Last thput,Idle,CCA busy,Tx,Rx,Rx ME ok,Rx SBSS ok,Rx OBSS ok,Rx ME err,Rx SBSS err,Rx OBSS err,Mac Tx packets,Mac Tx bytes,Tx packets,Tx bytes,TxOk packets,TxOk bytes,ACK received,ACK missed,Mac Rx packets,Mac Rx bytes,Mac Rx drop packets,Mac Rx drop bytes
0,205.167,58.5416,205.783,59.5865,3.39645,0.525137,95.4539,0.652196,0.226428,0,0.000924,6e-05,0,0.424784,534988,806761904,496096,748112768,485259,731770572,17345,374,0,0,0,0
1,0,0,0,0,0.0678795,4.39713,0.581108,94.9763,92.3851,0,0.226652,0.29054,0,2.07398,0,0,0,0,0,0,0,0,485399,731981692,0,0
2,0,4.75575,0,4.29599,1.7538,39.0461,24.2117,35.0434,0.165836,0,0.266188,0.021588,0,34.5898,534996,806773968,124015,187014620,39421,59446868,1408,3023,0,0,0,0
3,0,0,0,0,0.0593228,41.1299,0.315196,58.5338,17.2505,0,0.576644,2.48631,0,38.2204,0,0,0,0,0,0,0,0,89829,135462132,0,0
4,0,58.305,0,59.4345,3.3022,0.605455,95.2882,0.807412,0.228824,0,0.003572,2.4e-05,0,0.574992,535005,806787540,495355,746995340,483297,728811876,17281,420,0,0,0,0
5,0,0,0,0,0.0339835,4.832,0.583448,94.5485,91.9736,0,0.22894,0.282172,0,2.06385,0,0,0,0,0,0,0,0,483353,728896324,0,0
6,0,20.4533,0,19.5208,4.67202,19.4682,61.3643,14.5393,0.33554,0,0.17916,0.033084,0,13.9915,535013,806799604,315253,475401524,169540,255666320,6066,5193,0,0,0,0
7,0,0,0,0,0.0670998,23.0417,0.655276,76.2744,47.2615,0,0.505516,1.3097,0,27.1977,0,0,0,0,0,0,0,0,246863,372269404,0,0
8,0,17.04,0,16.401,4.81811,21.9442,55.9579,17.3183,0.339828,0,13.6994,0.032928,0,3.24612,535022,806813176,286580,432162640,141247,213000476,5107,5130,0,0,0,0
9,0,0,0,0,0.199216,25.395,0.646624,73.7977,42.0721,0,13.3534,1.02753,0,17.3447,0,0,0,0,0,0,0,0,215858,325513864,0,0
10,0,10.8847,0,11.1876,2.40753,35.2377,42.136,20.2791,0.26154,0,0.322536,0.042804,0,19.6522,535031,806826748,217303,327692924,90225,136059300,3283,4479,0,0,0,0
11,0,0,0,0,0.0613713,41.0671,0.535096,58.3915,36.7216,0,0.519764,2.02084,0,19.1294,0,0,0,0,0,0,0,0,190234,286872872,0,0
12,0,7.40126,0,8.23247,1.349,22.0676,16.9468,59.6751,0.07302,0,16.8689,0.001932,0,42.7313,535039,806838812,86819,130923052,61350,92515800,2197,905,0,0,0,0
13,0,0,0,0,0.177592,29.5028,0.144576,70.2134,12.5889,0,18.5133,1.41086,0,37.7004,0,0,0,0,0,0,0,0,65875,99339500,0,0
14,0,27.7853,0,27.1247,12.6501,9.3282,75.6193,2.50261,0.354324,0,0.023584,0.011076,0,2.11363,535048,806852384,379392,572123136,230316,347316528,8231,5320,0,0,0,0
15,0,0,0,0,0.131262,18.6626,0.655192,80.6458,48.9436,0,0.339644,0.732244,0,30.6303,0,0,0,0,0,0,0,0,256104,386204832,0,0
Node,Aggregate thput,Throughput,Last agg thput,Last thput,Idle,CCA busy,Tx,Rx,Rx ME ok,Rx SBSS ok,Rx OBSS ok,Rx ME err,Rx SBSS err,Rx OBSS err,Mac Tx packets,Mac Tx bytes,Tx packets,Tx bytes,TxOk packets,TxOk bytes,ACK received,ACK missed,Mac Rx packets,Mac Rx bytes,Mac Rx drop packets,Mac Rx drop bytes
0,196.488,27.1333,196.362,26.9944,2.69665,15.3947,57.7584,24.1752,0.229024,0,0.302184,0.020328,0,23.6237,534988,806761904,299381,451466548,224911,339165788,8042,2653,0,0,0,0
1,0,0,0,0,0.0587776,21.0728,0.49952,78.3938,51.9503,0,0.526764,2.05506,0,23.8617,0,0,0,0,0,0,0,0,272430,410824440,0,0
2,0,55.046,0,55.5837,3.75923,0.636298,95.0224,0.65876,0.258708,0,0.009924,0.001212,0,0.388916,534996,806773968,493354,743977832,456283,688074764,16311,1309,0,0,0,0
3,0,0,0,0,0.115933,6.76446,0.6144,92.5765,87.4234,0,0.240804,0.271716,0,4.64064,0,0,0,0,0,0,0,0,459111,692339388,0,0
4,0,16.3871,0,17.4632,2.53522,2.36286,34.0133,61.1196,0.126456,0,60.1429,0,0,0.850288,535005,806787540,175678,264922424,135835,204839180,4858,1419,0,0,0,0
5,0,0,0,0,0.0397843,13.4811,0.252016,86.2581,25.9054,0,55.1122,0.80944,0,4.43103,0,0,0,0,0,0,0,0,135835,204839180,0,0
6,0,2.78908,0,2.85796,1.48319,72.3503,25.0127,1.24188,0.19752,0,0.009864,0.031236,0,1.00326,535013,806799604,128133,193224564,23119,34863452,836,3741,0,0,0,0
7,0,0,0,0,0.0925708,74.4082,0.377428,25.2045,18.5304,0,0.232756,5.02149,0,1.41988,0,0,0,0,0,0,0,0,95101,143412308,0,0
8,0,13.0423,0,13.4073,2.15751,47.1809,33.4062,17.3113,0.15796,0,0.098988,0.008796,0,17.0456,535022,806813176,172193,259667044,108109,163028372,3888,2268,0,0,0,0
9,0,0,0,0,0.0620288,33.5118,0.305756,66.1711,24.6578,0,0.419556,2.18284,0,38.9109,0,0,0,0,0,0,0,0,128624,193964992,0,0
10,0,36.9511,0,36.2185,2.62766,1.235,66.7376,29.436,0.203424,0,28.2482,2.4e-05,0,0.984376,535031,806826748,346698,522820584,306292,461888336,10948,1435,0,0,0,0
11,0,0,0,0,0.0625764,8.87879,0.45692,90.6326,58.3544,0,14.6399,2.46501,0,15.1733,0,0,0,0,0,0,0,0,306376,462015008,0,0
12,0,36.3907,0,35.8391,3.07288,4.92531,66.5582,25.4943,0.212868,0,0.25998,0.006,0,25.0154,535039,806838812,345409,520876772,301647,454883676,10791,1546,0,0,0,0
13,0,0,0,0,0.0876501,10.717,0.479492,88.7665,60.1865,0,0.492728,0.51662,0,27.5707,0,0,0,0,0,0,0,0,315703,476080124,0,0
14,0,8.74833,0,7.99723,1.78483,32.1886,29.7017,36.3498,0.172104,0,0.2675,0.022884,0,35.8873,535048,806852384,152922,230606376,72516,109354128,2594,2868,0,0,0,0
15,0,0,0,0,0.0358377,36.1712,0.344592,63.4733,24.0854,0,0.474,3.88918,0,35.0247,0,0,0,0,0,0,0,0,125917,189882836,0,0
Node,Aggregate thput,Throughput,Last agg thput,Last thput,Idle,CCA busy,Tx,Rx,Rx ME ok,Rx SBSS ok,Rx OBSS ok,Rx ME err,Rx SBSS err,Rx OBSS err,Mac Tx packets,Mac Tx bytes,Tx packets,Tx bytes,TxOk packets,TxOk bytes,ACK received,ACK missed,Mac Rx packets,Mac Rx bytes,Mac Rx drop packets,Mac Rx drop bytes
0,268.025,31.8567,271.168,30.5985,4.55783,19.1556,74.2992,2.02114,0.323056,0,0.0089,0.004728,0,1.68445,534988,806761904,383381,578138548,264064,398208512,9446,4251,0,0,0,0
1,0,0,0,0,0.0709784,21.9921,0.611964,77.3544,52.5223,0,0.342032,0.633556,0,23.8565,0,0,0,0,0,0,0,0,275091,414837228,0,0
2,0,59.5771,0,60.5999,2.66313,0.779528,96.1537,0.439128,0.223656,0,0.010096,0.000156,0,0.20522,534996,806773968,500746,755124968,493842,744713736,17638,246,0,0,0,0
3,0,0,0,0,0.060811,4.31027,0.581932,95.0771,93.9883,0,0.231628,0.254412,0,0.602816,0,0,0,0,0,0,0,0,494206,745262648,0,0
4,0,58.4162,0,59.6034,2.59298,1.37123,95.6473,0.474204,0.231424,0,0.0017,0.001428,0,0.239652,535005,806787540,498150,751210200,484219,730202252,17294,498,0,0,0,0
5,0,0,0,0,0.0852341,5.70413,0.591172,93.6998,92.7198,0,0.236688,0.282172,0,0.461148,0,0,0,0,0,0,0,0,487495,735142460,0,0
6,0,9.26419,0,10.0801,2.14668,5.1369,22.5401,70.2316,0.101004,0,1.824,0.004836,0,68.3017,535013,806799604,115690,174460520,76792,115802336,2745,1389,0,0,0,0
7,0,0,0,0,0.0933364,12.3539,0.202072,87.4059,15.5964,0,1.97841,2.83324,0,66.9979,0,0,0,0,0,0,0,0,81659,123141772,0,0
8,0,59.3188,0,60.4141,2.71521,0.856264,95.8605,0.66494,0.223532,0,0.008396,0.000288,0,0.432724,535022,806813176,499195,752786060,491701,741485108,17572,262,0,0,0,0
9,0,0,0,0,0.116891,4.45455,0.581084,94.939,93.6688,0,0.255692,0.196988,0,0.817576,0,0,0,0,0,0,0,0,492429,742582932,0,0
10,0,42.4512,0,42.8827,3.35393,1.82986,76.1608,18.716,0.228528,0,0.390676,0.000168,0,18.0966,535031,806826748,395340,596172720,351883,530639564,12584,1536,0,0,0,0
11,0,0,0,0,0.0845346,10.8247,0.51482,88.6312,67.1428,0,3.88547,1.16082,0,16.4421,0,0,0,0,0,0,0,0,352359,531357372,0,0
12,0,0.435631,0,0,0.204455,96.5411,1.80112,0.363628,0.011076,0,0.00076,0.00078,0,0.351012,145704,219721632,8682,13092456,3611,5445388,123,188,0,0,0,0
13,0,0,0,0,0.068858,96.6878,0.019716,2.12288,1.01347,0,0.106068,0.458248,0,0.545088,0,0,0,0,0,0,0,0,5136,7745088,0,0
14,0,6.70553,0,6.98928,2.06763,56.2148,40.9149,0.82034,0.299688,0,0.001624,0.053172,0,0.465856,535048,806852384,210545,317501860,55583,83819164,2002,5519,0,0,0,0
15,0,0,0,0,0.0473887,53.0947,0.6004,46.2752,34.7076,0,0.27868,3.47334,0,7.8156,0,0,0,0,0,0,0,0,178392,269015136,0,0
Node,Aggregate thput,Throughput,Last agg thput,Last thput,Idle,CCA busy,Tx,Rx,Rx ME ok,Rx SBSS ok,Rx OBSS ok,Rx ME err,Rx SBSS err,Rx OBSS err,Mac Tx packets,Mac Tx bytes,Tx packets,Tx bytes,TxOk packets,TxOk bytes,ACK received,ACK missed,Mac Rx packets,Mac Rx bytes,Mac Rx drop packets,Mac Rx drop bytes
0,284.963,0.380016,292.197,0,0.163176,6.15629,1.13981,92.5485,0.005064,0,2.62394,2e-05,0,89.9195,88934,134112472,5182,7814456,3150,4750200,122,65,0,0,0,0
1,0,0,0,0,0.0212611,6.35663,0.009164,93.6207,0.662532,0,5.95139,0.21332,0,86.7935,0,0,0,0,0,0,0,0,3170,4780360,0,0
2,0,58.6801,0,60.4985,3.2502,0.770585,95.5046,0.573228,0.225612,0,0.001084,0,0,0.346532,534996,806773968,496573,748832084,486407,733501756,17385,352,0,0,0,0
3,0,0,0,0,0.10606,4.38495,0.580392,95.0218,92.5631,0,0.228932,0.197752,0,2.03208,0,0,0,0,0,0,0,0,486407,733501756,0,0
4,0,55.4425,0,57.9814,3.98613,0.766443,93.1077,2.15178,0.23772,0,0.294196,0.00378,0,1.61608,535005,806787540,482861,728154388,459570,693031560,16414,831,0,0,0,0
5,0,0,0,0,0.0527488,4.95806,0.593124,94.4028,89.1064,0,0.66106,0.314308,0,4.321,0,0,0,0,0,0,0,0,468418,706374344,0,0
6,0,58.4643,0,60.279,3.32949,0.598935,95.2211,0.930436,0.225548,0,0.00212,0,0,0.702768,535013,806799604,494946,746378568,484618,730803944,17332,348,0,0,0,0
7,0,0,0,0,0.116508,4.12653,0.579508,95.2521,92.2745,0,0.227776,0.395308,0,2.35456,0,0,0,0,0,0,0,0,484618,730803944,0,0
8,0,52.8354,0,54.3001,3.05916,0.918077,94.0585,2.04956,0.275748,0,0.535424,0.017784,0,1.2206,535022,806813176,489164,737659312,437959,660442172,15643,1827,0,0,0,0
9,0,0,0,0,0.084998,5.12131,0.67328,94.2004,91.2664,0,0.394472,0.213724,0,2.32583,0,0,0,0,0,0,0,0,479565,723184020,0,0
10,0,26.9173,0,26.1934,2.46466,1.57332,49.567,46.4544,0.155508,0,0.263684,0.000108,0,46.0351,535031,806826748,257222,387890776,223121,336466468,7975,1213,0,0,0,0
11,0,0,0,0,0.0697374,7.38049,0.340248,92.269,42.549,0,0.4844,3.49787,0,45.7377,0,0,0,0,0,0,0,0,223343,336801244,0,0
12,0,0.637462,0,0,0.194495,5.35082,1.61414,92.8473,0.007464,0,0.419204,0.00012,0,92.4205,112216,169221728,7674,11572392,5284,7968272,190,86,0,0,0,0
13,0,0,0,0,0.0259017,5.94116,0.013744,94.0259,1.06337,0,0.557824,0.260876,0,92.1438,0,0,0,0,0,0,0,0,5500,8294000,0,0
14,0,31.6056,0,32.945,2.42123,1.26525,53.962,42.4163,0.146804,0,0.270332,0.000204,0,41.999,535048,806852384,280362,422785896,261983,395070364,9370,644,0,0,0,0
15,0,0,0,0,0.107295,6.88131,0.349068,92.7218,49.9911,0,0.497116,0.484484,0,41.749,0,0,0,0,0,0,0,0,262385,395676580,0,0
Node,Aggregate thput,Throughput,Last agg thput,Last thput,Idle,CCA busy,Tx,Rx,Rx ME ok,Rx SBSS ok,Rx OBSS ok,Rx ME err,Rx SBSS err,Rx OBSS err,Mac Tx packets,Mac Tx bytes,Tx packets,Tx bytes,TxOk packets,TxOk bytes,ACK received,ACK missed,Mac Rx packets,Mac Rx bytes,Mac Rx drop packets,Mac Rx drop bytes
0,190.782,27.3458,190.573,27.4287,2.21174,1.39522,50.4641,45.9927,0.157376,0,45.776,0,0,0.059272,534988,806761904,261859,394883372,226673,341822884,8111,1243,0,0,0,0
1,0,0,0,0,0.0910889,9.87902,0.344784,89.7489,43.2233,0,45.0217,0.750684,0,0.753112,0,0,0,0,0,0,0,0,226701,341865108,0,0
2,0,15.8963,0,16.9535,2.62268,28.035,49.1841,20.21,0.267056,0,0.18192,0.035868,0,19.7252,534996,806773968,254114,383203912,131766,198703128,4707,4371,0,0,0,0
3,0,0,0,0,0.0570617,31.7728,0.545952,67.6707,41.196,0,0.442744,2.16402,0,23.8679,0,0,0,0,0,0,0,0,215741,325337428,0,0
4,0,13.9044,0,13.7964,1.68947,15.8077,27.1502,55.3991,0.09924,0,0.5778,0.0018,0,54.7202,535005,806787540,140168,211373344,115255,173804540,4122,884,0,0,0,0
5,0,0,0,0,0.056391,26.9431,0.210952,72.8356,22.6242,0,0.677276,2.53426,0,46.9999,0,0,0,0,0,0,0,0,118555,178780940,0,0
6,0,17.6137,0,18.1201,2.87087,21.9068,51.5265,23.7819,0.27096,0,0.365368,0.031536,0,23.114,535013,806799604,266205,401437140,146002,220171016,5212,4295,0,0,0,0
7,0,0,0,0,0.0918561,29.2161,0.549364,70.2233,41.9901,0,4.09272,1.48068,0,22.6598,0,0,0,0,0,0,0,0,219910,331624280,0,0
8,0,22.0063,0,21.3895,4.27991,2.64362,47.4145,45.6666,0.188352,0,0.44746,0.000264,0,45.0305,535022,806813176,244165,368200820,182413,275078804,6528,2193,0,0,0,0
9,0,0,0,0,0.179067,13.4291,0.365524,86.0256,34.9451,0,0.51494,2.36386,0,48.2018,0,0,0,0,0,0,0,0,183017,275989636,0,0
10,0,40.4639,0,39.5386,12.5436,0.794115,85.3905,1.36628,0.307492,0,0.025288,0.00054,0,1.03296,535031,806826748,430908,649809264,335410,505798280,11993,3400,0,0,0,0
11,0,0,0,0,0.271367,11.6146,0.617052,87.5862,64.2011,0,0.272476,0.823508,0,22.2892,0,0,0,0,0,0,0,0,336670,507698360,0,0
12,0,25.4055,0,25.2246,4.38955,2.42706,51.8979,41.2848,0.19836,0,0.459536,0.000348,0,40.6265,535039,806838812,267521,403421668,210589,317568212,7598,1957,0,0,0,0
13,0,0,0,0,0.023963,27.9434,0.39594,71.6359,40.6882,0,0.417,0.734712,0,29.7959,0,0,0,0,0,0,0,0,211429,318834932,0,0
14,0,28.1462,0,28.1212,2.24129,1.28535,51.583,44.9594,0.15882,0,44.7733,0,0,0.027328,535048,806852384,267717,403717236,233307,351826956,8343,1219,0,0,0,0
15,0,0,0,0,0.0910734,9.89619,0.350208,89.7263,44.4567,0,43.7742,0.465092,0,1.03028,0,0,0,0,0,0,0,0,233307,351826956,0,0
Node,Aggregate thput,Throughput,Last agg thput,Last thput,Idle,CCA busy,Tx,Rx,Rx ME ok,Rx SBSS ok,Rx OBSS ok,Rx ME err,Rx SBSS err,Rx OBSS err,Mac Tx packets,Mac Tx bytes,Tx packets,Tx bytes,TxOk packets,TxOk bytes,ACK received,ACK missed,Mac Rx packets,Mac Rx bytes,Mac Rx drop packets,Mac Rx drop bytes
0,270.06,2.11072,273.422,1.69499,0.510525,7.37036,6.54465,85.6051,0.034476,0,0.314648,0.00228,0,85.2537,534988,806761904,32679,49279932,17496,26383968,637,532,0,0,0,0
1,0,0,0,0,0.0392519,87.0911,0.064612,12.8357,4.42314,0,0.25094,1.11862,0,7.04301,0,0,0,0,0,0,0,0,22538,33987304,0,0
2,0,54.9654,0,56.0059,2.97667,2.88906,93.5576,0.626956,0.24852,0,0.001648,0.008652,0,0.368136,534996,806773968,486675,733905900,455615,687067420,16274,1109,0,0,0,0
3,0,0,0,0,0.0655919,7.14778,0.619416,92.2122,90.5373,0,0.2303,0.229696,0,1.2149,0,0,0,0,0,0,0,0,475887,717637596,0,0
4,0,15.429,0,15.5215,2.34889,1.97774,30.9722,64.7217,0.110004,0,63.7888,0,0,0.822844,535005,806787540,160052,241358416,127893,192862644,4583,1135,0,0,0,0
5,0,0,0,0,0.0367484,9.6656,0.224584,90.0936,24.4364,0,63.3501,0.963644,0,1.3434,0,0,0,0,0,0,0,0,127893,192862644,0,0
6,0,51.0277,0,51.5603,2.77234,2.56553,89.6862,5.01192,0.258092,0,0.2063,0.014088,0,4.53344,535013,806799604,466573,703592084,422975,637846300,15108,1556,0,0,0,0
7,0,0,0,0,0.0392394,6.99598,0.629852,92.3656,86.7394,0,0.439436,0.543048,0,4.64375,0,0,0,0,0,0,0,0,455844,687412752,0,0
8,0,32.8463,0,32.717,2.46392,32.9185,59.4365,5.2539,0.182712,0,0.040476,0.005796,0,5.02492,535022,806813176,308435,465119980,272267,410578636,9734,1284,0,0,0,0
9,0,0,0,0,0.0875104,37.1299,0.420308,62.4297,54.4354,0,0.254672,0.55522,0,7.18441,0,0,0,0,0,0,0,0,285707,430846156,0,0
10,0,53.4424,0,54.7392,6.64342,0.605689,91.9633,0.808596,0.241868,0,0.00728,0.000192,0,0.559256,535031,806826748,473370,713841960,442991,668030428,15828,1082,0,0,0,0
11,0,0,0,0,0.0834332,5.89235,0.580612,93.4593,84.3763,0,0.21526,0.367164,0,8.50065,0,0,0,0,0,0,0,0,443467,668748236,0,0
12,0,40.3022,0,40.9874,2.39637,1.08231,70.2144,26.3327,0.197928,0,25.0327,0,0,1.10208,535039,806838812,365099,550569292,334070,503777560,11954,1087,0,0,0,0
13,0,0,0,0,0.0653539,7.43742,0.46304,92.0547,63.6762,0,25.0282,2.09252,0,1.2577,0,0,0,0,0,0,0,0,334070,503777560,0,0
14,0,19.9361,0,20.1957,2.26707,20.1298,42.079,35.597,0.162776,0,0.163132,0.011028,0,35.2601,535048,806852384,217851,328519308,165253,249201524,5913,1868,0,0,0,0
15,0,0,0,0,0.0825724,14.1158,0.348804,85.5204,36.44,0,0.428404,1.69227,0,46.9597,0,0,0,0,0,0,0,0,191011,288044588,0,0
Node,Aggregate thput,Throughput,Last agg thput,Last thput,Idle,CCA busy,Tx,Rx,Rx ME ok,Rx SBSS ok,Rx OBSS ok,Rx ME err,Rx SBSS err,Rx OBSS err,Mac Tx packets,Mac Tx bytes,Tx packets,Tx bytes,TxOk packets,TxOk bytes,ACK received,ACK missed,Mac Rx packets,Mac Rx bytes,Mac Rx drop packets,Mac Rx drop bytes
0,285.756,16.9585,289.695,16.1133,2.43978,4.80982,35.4929,57.3018,0.137364,0,1.43393,0.002688,0,55.7278,534988,806761904,183516,276742128,140571,211981068,5027,1529,0,0,0,0
1,0,0,0,0,0.0640305,11.9746,0.278904,87.7267,28.0203,0,23.383,3.03468,0,33.2887,0,0,0,0,0,0,0,0,146832,221422656,0,0
2,0,15.0267,0,16.4794,2.36063,3.94919,30.2792,63.4552,0.115068,0,1.6034,0.001452,0,61.7353,534996,806773968,156403,235855724,124558,187833464,4457,1130,0,0,0,0
3,0,0,0,0,0.0639899,11.4203,0.24466,88.3153,23.868,0,1.02744,4.0664,0,59.3535,0,0,0,0,0,0,0,0,124966,188448728,0,0
4,0,59.6766,0,60.4648,2.60612,0.7805,96.3399,0.37348,0.223936,0,0.000472,0,0,0.149072,535005,806787540,501809,756727972,494667,745957836,17682,242,0,0,0,0
5,0,0,0,0,0.108483,4.4885,0.582476,94.9152,94.1305,0,0.229772,0.324764,0,0.23022,0,0,0,0,0,0,0,0,494667,745957836,0,0
6,0,59.7891,0,60.5661,2.43225,1.21726,96.1515,0.232488,0.221496,0,0.000344,0,0,0.010648,535013,806799604,500924,755393392,495599,747363292,17730,163,0,0,0,0
7,0,0,0,0,0.0595215,4.4865,0.579736,94.9024,94.3857,0,0.229028,0.271716,0,0.015972,0,0,0,0,0,0,0,0,495599,747363292,0,0
8,0,28.2497,0,27.4245,2.3086,1.257,51.7393,44.7312,0.16224,0,38.4832,0,0,6.08578,535022,806813176,268465,404845220,234165,353120820,8372,1217,0,0,0,0
9,0,0,0,0,0.0585112,4.82468,0.359052,94.7939,44.6367,0,1.61336,5.43048,0,43.1134,0,0,0,0,0,0,0,0,234247,353244476,0,0
10,0,27.1485,0,28.8981,2.45205,1.40177,50.2709,45.9168,0.15816,0,38.7166,0.00024,0,7.04186,535031,806826748,260749,393209492,225037,339355796,8052,1269,0,0,0,0
11,0,0,0,0,0.0587156,10.0044,0.345512,89.6275,42.9812,0,44.3906,0.527268,0,1.72847,0,0,0,0,0,0,0,0,225597,340200276,0,0
12,0,57.7613,0,59.2149,4.13761,0.616084,94.8348,0.485108,0.227532,0,0.001832,0,0,0.255744,535039,806838812,491868,741736944,478791,722016828,17109,459,0,0,0,0
13,0,0,0,0,0.307149,4.13335,0.579004,95.0488,91.1076,0,0.22552,0.42174,0,3.29392,0,0,0,0,0,0,0,0,478819,722059052,0,0
14,0,21.1458,0,20.5341,2.69482,2.95158,41.1644,53.2388,0.147356,0,0.791488,0.001176,0,52.2987,535048,806852384,213174,321466392,175280,264322240,6272,1347,0,0,0,0
15,0,0,0,0,0.0652152,9.01833,0.308112,90.6526,33.8568,0,1.46885,3.95856,0,51.3684,0,0,0,0,0,0,0,0,177533,267719764,0,0
Node,Aggregate thput,Throughput,Last agg thput,Last thput,Idle,CCA busy,Tx,Rx,Rx ME ok,Rx SBSS ok,Rx OBSS ok,Rx ME err,Rx SBSS err,Rx OBSS err,Mac Tx packets,Mac Tx bytes,Tx packets,Tx bytes,TxOk packets,TxOk bytes,ACK received,ACK missed,Mac Rx packets,Mac Rx bytes,Mac Rx drop packets,Mac Rx drop bytes
0,314.479,59.5034,316.503,60.516,2.6659,0.750471,96.1914,0.461016,0.224588,0,0.002172,0,0,0.234256,534988,806761904,500935,755409980,493231,743792348,17636,261,0,0,0,0
1,0,0,0,0,0.110216,4.31748,0.58274,95.053,93.8743,0,0.230244,0.378004,0,0.57044,0,0,0,0,0,0,0,0,493259,743834572,0,0
2,0,25.3981,0,24.4899,3.54552,28.2183,64.3737,3.86288,0.29996,0,0.155264,0.035664,0,3.372,534996,806773968,332702,501714616,210528,317476224,7521,4367,0,0,0,0
3,0,0,0,0,0.0392576,33.0894,0.633132,66.2584,56.0069,0,0.38368,0.793276,0,9.07449,0,0,0,0,0,0,0,0,293603,442753324,0,0
4,0,32.8849,0,32.3743,3.3292,20.9691,72.1159,3.58662,0.290732,0,0.246216,0.02934,0,3.02033,535005,806787540,373601,563390308,272587,411061196,9740,3608,0,0,0,0
5,0,0,0,0,0.00511668,27.2812,0.638084,72.0711,65.0567,0,0.428964,0.660248,0,5.92512,0,0,0,0,0,0,0,0,341407,514841756,0,0
6,0,59.5165,0,60.2959,2.59519,0.683815,96.2803,0.455792,0.225236,0,0.001396,0,0,0.22916,535013,806799604,501412,756129296,493340,743956720,17630,279,0,0,0,0
7,0,0,0,0,0.0732445,4.18111,0.583568,95.1719,93.8648,0,0.228588,0.244904,0,0.83362,0,0,0,0,0,0,0,0,493368,743998944,0,0
8,0,1.6927,0,1.87475,0.346091,26.8918,4.26074,68.4968,0.018468,0,0.475224,0.000672,0,68.0025,535022,806813176,20860,31456880,14031,21158748,503,242,0,0,0,0
9,0,0,0,0,0.00662153,28.1864,0.036116,71.7663,2.79471,0,0.634812,0.740612,0,67.5962,0,0,0,0,0,0,0,0,14561,21957988,0,0
10,0,16.052,0,15.9945,3.90316,37.8007,53.6486,4.64796,0.301536,0,0.162496,0.018132,0,4.1658,535031,806826748,275606,415613848,133057,200649956,4756,5088,0,0,0,0
11,0,0,0,0,0.135386,27.4577,0.547004,71.9358,33.544,0,0.5013,1.70368,0,36.1868,0,0,0,0,0,0,0,0,175252,264280016,0,0
12,0,59.7681,0,60.5438,2.43117,1.14333,96.2368,0.22316,0.22316,0,0,0,0,0,535039,806838812,501361,756052388,495425,747100900,17781,134,0,0,0,0
13,0,0,0,0,0.0873009,4.30964,0.58286,95.0494,94.6188,0,0.228212,0.202312,0,0,0,0,0,0,0,0,0,0,495425,747100900,0,0
14,0,59.663,0,60.4141,2.4815,0.980048,96.2763,0.293916,0.224692,0,0,1.2e-05,0,0.069212,535048,806852384,501538,756319304,494554,745787432,17669,244,0,0,0,0
15,0,0,0,0,0.0341607,4.65286,0.583416,94.756,94.0796,0,0.228628,0.282172,0,0.165532,0,0,0,0,0,0,0,0,494582,745829656,0,0
Node,Aggregate thput,Throughput,Last agg thput,Last thput,Idle,CCA busy,Tx,Rx,Rx ME ok,Rx SBSS ok,Rx OBSS ok,Rx ME err,Rx SBSS err,Rx OBSS err,Mac Tx packets,Mac Tx bytes,Tx packets,Tx bytes,TxOk packets,TxOk bytes,ACK received,ACK missed,Mac Rx packets,Mac Rx bytes,Mac Rx drop packets,Mac Rx drop bytes
0,258.42,15.1299,258.845,14.8592,3.05504,39.4051,55.5872,2.04186,0.331156,0,0.016536,0.048336,0,1.64583,534988,806761904,286671,432299868,125414,189124312,4485,5763,0,0,0,0
1,0,0,0,0,0.114099,43.0795,0.666772,56.2225,45.5756,0,0.246556,1.77289,0,8.62742,0,0,0,0,0,0,0,0,238488,359639904,0,0
2,0,7.78321,0,6.9,1.57175,25.3406,22.4044,50.7252,0.11706,0,0.393116,0.012444,0,50.2026,534996,806773968,115087,173551196,64516,97290128,2307,1803,0,0,0,0
3,0,0,0,0,0.0437534,30.0958,0.241472,69.6555,17.8906,0,0.676424,1.99844,0,49.0901,0,0,0,0,0,0,0,0,93610,141163880,0,0
4,0,27.6548,0,28.1326,2.67317,1.89132,51.4036,44.0483,0.165348,0,0.651436,0,0,43.2315,535005,806787540,266672,402141376,229234,345684872,8191,1333,0,0,0,0
5,0,0,0,0,0.0217013,8.88431,0.360268,90.7501,43.6662,0,10.6464,3.05094,0,33.3867,0,0,0,0,0,0,0,0,229262,345727096,0,0
6,0,39.8655,0,38.7954,10.397,3.79537,84.5777,1.32736,0.311744,0,0.006584,0.002244,0,1.00679,535013,806799604,429649,647910692,330450,498318600,11807,3542,0,0,0,0
7,0,0,0,0,0.158793,14.891,0.624796,84.4229,63.9696,0,0.251328,0.441132,0,19.7608,0,0,0,0,0,0,0,0,335686,506214488,0,0
8,0,59.0073,0,59.9086,2.82815,0.955968,95.9631,0.337476,0.229472,0,0.001524,0,0,0.10648,535022,806813176,499539,753304812,489119,737591452,17531,313,0,0,0,0
9,0,0,0,0,0.272539,4.24115,0.588084,94.9776,93.3364,0,0.232396,0.282744,0,1.12602,0,0,0,0,0,0,0,0,489147,737633676,0,0
10,0,22.6529,0,22.5524,2.61156,21.9079,56.6439,18.8732,0.265116,0,0.354816,0.033684,0,18.2196,535031,806826748,293384,442423072,187773,283161684,6709,3769,0,0,0,0
11,0,0,0,0,0.0440766,28.4641,0.571456,70.9569,50.778,0,0.528492,2.06042,0,17.59,0,0,0,0,0,0,0,0,266170,401384360,0,0
12,0,58.7308,0,59.6203,2.7808,0.775859,96.115,0.369084,0.231816,0,0.001956,0,0,0.135312,535039,806838812,500320,754482560,486827,734135116,17402,467,0,0,0,0
13,0,0,0,0,0.0805786,5.00259,0.589436,94.3628,92.6579,0,0.2277,0.218284,0,1.25894,0,0,0,0,0,0,0,0,486827,734135116,0,0
14,0,27.5958,0,28.0765,2.27623,1.89733,50.9144,44.9338,0.162396,0,2.00848,0.001884,0,42.761,535048,806852384,264203,398418124,228745,344947460,8177,1260,0,0,0,0
15,0,0,0,0,0.0275049,8.47844,0.358272,91.1522,43.627,0,0.540936,3.45528,0,43.529,0,0,0,0,0,0,0,0,228989,345315412,0,0
